396124436476092416,"Think about the life you livin but don't think so hard it hurts Life is truly a gift, but at the same it is a curse",Obey_Jony09
396124436740317184,"â€œ@BleacherReport: Halloween has given us this amazing Derrick Rose photo (via @amandakaschube, @ScottStrazzante) http://t.co/tM0wEugZR1â€ yes",Colten_stamkos
396124436845178880,"When's 12.4k gonna roll around",Matty_T_03
396124437168537600,"I really wish I didn't give up everything I did for you. I'm so mad at my self for even letting it get as far as it did.",savava143
396124436958412800,"I really need to double check who I'm sending my snapchats to before sending it ğŸ˜©ğŸ˜­",juliannpham
396124437218885632,"@Darrin_myers30 I feel you man, gotta stay prayed up. Year is important",Ful_of_Ambition
396124437558611968,"tell me what I did in my life to deserve this.",_ItsNotBragging
396124437499502592,"Too many fine men out here...see me drooling",LolaofLife
396124437722198016,"@jaiclynclausen will do",I_harley99
396124437831237632,"I say who day! @ Bloodline Ent. http://t.co/VxElUU7lvf",Unodaone1
396124438070308865,"That still doesn't make up for the Steelers losing to the Raiders, but whatever.",AVar14
396124438175162368,"ğŸ˜‚ğŸ˜©ğŸ˜‚â€œ@BabyBoyATL: Black girls be acting tough on Twitter all day but I bet none of y'all brave enough to go to sleep with no hair wrap tho.â€",AmberChadwick__
396124438116065282,"Whatever. I'm tired of being lied too.",lmgoshert93
396124438501933056,"someone came to in n out with a clifford the big red dog suit on ğŸ˜‚ğŸ˜‚ğŸ˜‚",elisavea
396124438044766208,"I'm a dead crossing guard. Thanks to @Tracey_17 î  http://t.co/MvVLicrlds",iJacobb_
396124438556471297,"Ummmm who wants to go shopping with me tomorrow",the_REAL_JT2
396124438527102976,"Current conditions 49.8Â° Humidity 88% Wind W 3.9mph, Rain today 0.69in, Barometer 29.661in Rising quickly #stlwx http://t.co/WYlh599tpr",OakvilleWx
396124438858858497,"Oh. My. #Bengals. Finding new ways to lose. A safety in OT. Really!? #CINvsMIA  always next week I guess",pgaynor14
396124439064379392,"God changes the hearts of people. Prayer changes the heart of God.",darrellshrew
396124438644551680,"@mos_daph roommates in lawwwww",alexxstelpflug
396124438984290304,"first Halloweekend here at ASU can't wait ğŸ˜ˆğŸ˜ˆ",jlampee
396124439198187520,"Wind 0.0 km/h ESE. Barometer 1012.4 mb, Rising slowly. Temperature 25.0 Â°C. Rain today 0.0 mm. Humidity 80%",DW9577SW
396124439609237505,"Gotta give it to his mother she did that costume",Cuzzin_1500
396124439324012544,"I should get up on time tomorrow but me being on time is as achievable as world peace",Brookiebabyy86
396124439987105792,"A safety to win the game in overtime? Holy crap. #Dolphins",kiefer292
396124439802155008,"well every1 it's officially Christmas music time ğŸ˜ğŸ…ğŸ„ğŸ¶",paulinalynn40
396124439797964801,"@millertime_74 it's 11",Andrew_Ras7
396124440112951296,"00:00 #MAW",WesleyBitton
396124439948976128,"I hope I don't have class tomorrow",imma_realist
396124440133906432,"Night, world! :) (@ Jesse's Bachelor Pad ! :)) http://t.co/Q8G4AKpeYi",Jessehazen
396124440028672000,"Dick 2 bomb @lindseeeyr",jenn_demassi
396124440066400256,"Yo soy bien buena con el y siempre me dice cosas en el salon",AnavikHo
396124440238370816,"Goodnight!!!  Much love. ğŸ˜˜",LynnHensley6
396124440792420352,"HAPPY 19th BIRTHDAY TO MY BEST FRIEND PAT DEVLINğŸğŸğŸ‰ğŸ‰ğŸ‰ğŸŠğŸŠğŸˆğŸˆ",ChrisDevvv
396124440872120320,"HAPPPY BIRTHDAY &lt;3 !!! PARTY HARD TN ;) @d2bandre",xoalliyah
396124440763047936,"@LaurenClausen1 ğŸ˜‰ğŸ˜‰ğŸ˜‰ğŸ˜‰ğŸ˜‰ğŸ˜‰ğŸ˜‰ğŸ˜‰ğŸ˜‰ cause I lav me",hausofhannnerrz
396124440645222400,"That cupcake thing I had at school today &lt;&lt; #gross",kelli_renea
396124440955604992,"feel",hayybbyz
396124441199247360,"Time to head back to the hotel (@ Spider-Man Parking Garage - @universalorl) http://t.co/SKm4TLP8kq",allard1216
396124440909455360,"@kalenkroenke yes ma'am",briannalaabs
396124441349877760,"@AthleteTweets4 L.",Wolff_Haley_
396124441677406208,"67.3Â°C Wind:2.2mph Pressure: 29.23hpa Steady Rain Today 0.00mm.  Forecast: Precipitation, very unsettled",AppaloosaGuy
396124441723555840,"@LanaDelRey ur first tweet in two months was a link to ur boyfriends shitty music awesome!-!1!!",NICKVILLlERS
396124441521827840,"Swag out my country music rn man",katiekruis23
396124441811636225,"@ball_s0hard good job",Nitchide
396124441379614720,"@SammyWatkins7 legalize http://t.co/FCcownBGWU",luketc1
396124441635065857,"@Tcmolski you actually gonna use twitter now?",SCOTT_NICOLAI
396124442214281216,"Happy Birthday Beautiful @Pygmxo_ ğŸ’– I Hope You Have An Amazing Day, &amp; Get Lots Of PresentsğŸğŸ‰ğŸ’ &amp; Dont Let Anyone Ruin Your Special Day ğŸ’•ğŸ˜»ğŸ˜˜",Wendyxo_x3
396124442252038144,"@tayraerenz Ohhhh well ya neva texted me!!",Alicia_Ferst
396124442486902784,"Let's go baby fins for life!!!â¤ï¸ #firemeup",Big_DADDY_42
396124442310356992,"Wind 0.0 mph ---. Barometer 29.42 in, Steady. Temperature 39.7 Â°F. Rain today 0.00 in. Humidity 99%",mnsearchers
396124442293972992,"Rainy fall mornings. #latergram @ Central Bluff http://t.co/CL7SNRZEDz",sam_mumford
396124442268422145,"Hard to be a Bengals fan when I'm surrounded by Colts fans, and we do dumb crap like lose by a safety in OT.",KevinScholz92
396124442511671296,"tonight was ğŸ˜",erin_colombe
396124442578788352,"October is officially over ğŸ˜­",zombieboySTEVE
396124442595573760,"$130 in three days on you.... #isthisajoke #what",carolynlongx3
396124442499096578,"@iDemetrius30  Lol naw not that ugly (; lol",JustinD_310
396124442033541123,"Damnit http://t.co/xMXeSrgVS1",Dan_Ehle
396124442947895297,"@zLuketheDuke go away lol",HannahHls16
396124443229298688,"Tonight's the ideal night for any halloween slut. It's not even cold out.",lyndaburgosnyc
396124442046119936,"Halloween #twin #vampires http://t.co/5iXfEUlRJU",marielrdz10
396124443426422784,"November starts.........NOW! ğŸ˜Œ",bev_mocha
396124443178569729,"Yay for having to be at school at 6:50 tomorrow....ha...ha....ha",eee5
396124443485175808,"The shit i do for love ğŸ˜’",KushInTheWind
396124443757776896,"@GarrisonG_ love you too buddy",_tannerdeas
396124443795128320,"@JbLoVeRfoevs @thatguy_rashaad -___- I hate you",alana_bethx3
396124444235939840,"Is it a problem that is rather drink juice than have a snack or something to eat lol.",lauramarienick
396124443493142528,"65.3F (Feels: 65.3F) - Humidity: 99% - Wind: 0.0mph S - Gust: 1.6mph - Pressure: 1019.5mb (+0.3)  - Rain: 0.78""",moutoncovewx
396124444231335937,"Good night. ğŸ’¤ğŸ’¤ğŸ’¤ğŸ’¤ğŸ’¤",Dess_Taylor
396124444550123520,"ã‚¢ãƒ³ã‚«ãƒ¬ãƒƒã‚¸/Anchorage Anchorage/United States at 7 evening",world7evening
396124444806369280,"Happy #DayOfLen2013 everyone",chaboy_lenny
396124444797571072,"Romero from the right there music video is hella cute &lt;3333",Najely_babeyy
396124445154508800,"@mattwiz13  happy 21 bday! :D",GaryDecan
396124444986327040,"@Jabowilson that's bc in the offseason gasol works on his game and griffin works on his tan.",justinrenfroe
396124445305495553,"@7MiddleNames ... ğŸ˜ª",NickDerozario
396124445280317440,"For one second it really just felt good to smile with a meaning behind itâ¤ï¸",Decemeber2013
396124445309292544,"Woodland comfortably ahead and cruising. Frustration settings in for La Center. @LaRoyMcKenna commenting on Nic Nesbitt's muscular legs",TDNSchubert
396124445418336256,"@DAHEADLNR24 I'm not tryna go on no damn dollar date..",YouGoneLovett_
396124446064648192,"Temp: 70.9Â°F | Humidity: 59% |  Wind: --- @ 0.0 mph | Barometer: 30.03 in | Dewpoint: 55.9Â°F",thonotosassawx
396124445632241664,"November ğŸ™ˆ",Gvrrison_Smith
396124445900689409,"Wind 2.0 mph WNW. Barometer 29.619 in, Rising Rapidly. Temperature 50.7 Â°F. Rain today 0.63 in. Humidity 86%",whhillsweather
396124446085619712,"@AntSchembari thanksgiving ğŸ˜",jackie_burzo
396124446131761152,"11/01@00:00 - Temp 65.2F, WC 65.2F. Wind 3.6mph SSW, Gust 9.0mph. Bar 29.823in, Falling. Rain 0.00in. Hum 92%. UV 0.0. SolarRad 0.",NewarkWeather
396124445921648640,"#NoviembreYyoTodavÃ­a sin cumplir los propÃ³sitos de aÃ±o nuevo!!",karlaaguilarh
396124445984575488,"@iJEVON h",Latinaaa_13
396124446022316032,"And there goes ambulance number 15 of the night ğŸ˜’ğŸš‘ğŸƒğŸš”ğŸ‘»ğŸš¨ğŸš“ #happyhalloween",alexneutze
396124446421159936,"Get a job lol",so_nt_average
396124446471520256,"I called it",_Stubbayy1
396124446282362881,"Sick",DomZeeno
396124446660239361,"#first to say happy birthday to @miaavegaaa . Its finally not rape anymoreğŸ˜ğŸ˜ Happy birthday i love youuğŸ˜ğŸ˜ğŸ˜â¤ï¸â¤ï¸â¤ï¸â¤ï¸â¤ï¸â¤ï¸â¤ï¸â¤ï¸",MichaellVazquez
396124446601519104,"Happy 10-31-13 @ Passion Men's Club http://t.co/pFsfy5r8jO",Eric_allday17
396124446315933696,"@NopeCollege the last time phelps had a good meal the Jonas brothers were still popular. And it was a steak night",tbrushwyler
396124446760927232,"@iam_sinachi she still know who I be?",purityvictor
396124446970609664,"Dranks (at @FatBuddhaBar w/ 14 others) http://t.co/bL9TbkKPCE",CLworldtraveler
396124446781489152,"Temp: 68.4Â°F Wind:2.3mph Pressure: 29.835hpa Steady Rain Today 0.85in.",n5pa
396124447058694145,"Absolutely amazing!!! #Wake #Dolphins",_blakedavis_
396124447158972416,"â™¬ ALL HALLOW'S EVE at DNA Lounge starting now! http://t.co/eVQsPzswSE",dnalounge
396124447578804226,"Using the bath room 10 times outta 10 tay right next to me",Blow1hoe
396124446714380288,"@TheAlfredLuna that's true. say Martinez beats the Russian than that would make a bigger pocket if he fights canelo.",Frankdamac
396124447628742656,"My phone shattering into a billion pieces and now coming home to this... Should've just went out fawwwwk.",KathrinaMa3
396124447779733505,"Chagrin Ohio knows what's up.",GreenEyedRaver
396124447968882688,"Just what I was waiting for.... @djdistrakshun HAPPY BIRTHDAYYY! May God bless you always &amp; qe cumplas muchos muchos massğŸ˜ğŸ˜",_MrsRojas_
396124447695835136,"@Vindiktivez_AG @ItZM0NSTARR okay sounds good!",trevorcook42
396124447989432321,"I just wanna see my friends on Saturday ğŸ˜ it's been forever",tmt2011
396124448052363264,"Can you not ğŸ˜’",daryl_johns
396124448203755520,"CP3 then fouls David lee on the other end n looks at the ref b says, now THATS A FOUL! lol",VerzatileFlows
396124448446619649,"Weeehhooooooo",miss_alexpham
396124448786767873,"@AxelMTG old school",KillaTR3V0R
396124448706674689,"Who all is skipping tomorrow I need to prove to my parents that a lot of people are #replytweet",T_Leenk44
396124448950345728,"These chicks so simple out here lol",_Dre_Sosa
396124448988102656,"They're your ex for a reason..talking about them won't make your next relationship workout too good either.",KaciNoelle
396124449071972352,"CurryğŸ’™ğŸ’›",NickyRozayye
396124449239756800,"""Where you at?"" Haha ok if ur gonna booty call me don't be so obvious about it",anna_mckitrick
396124449046405120,"I be breaking niggaa hopes and dreams In FIFA 14 lmao ğŸ˜‚ğŸ˜‚",ibra23_iq
396124449168060417,"Im such a loner tonightğŸ˜‚ğŸ˜ğŸ˜¤",EmilieAguirre
396124448308215809,"@RealSkipBayless if you have red hair you'll always be suspect...,",tricks9494
396124449675939840,"HAPPY BIRTHDAY @PLHUNZ AND @THEREALCRAZN HAVE AMAZING DAYS! ğŸ‰ğŸ‰ğŸ‰ğŸ‰ğŸŠğŸŠğŸŠğŸŠğŸğŸğŸğŸğŸğŸğŸğŸğŸŒğŸˆğŸˆğŸˆğŸŠğŸ‰ğŸ‰ğŸŠğŸğŸğŸğŸŠğŸ‰ğŸ‰ğŸ‰ğŸ‰ğŸŠ",Marg_Patel
396124449654583297,"Wow amazing !!!!!! Lets go baby !!!!  On cloud 9 , time to get wrecked ! #PhinsUp !! ğŸ¬ğŸ¬ğŸ¬",MikeAdelson13
396124449915015168,"Welp, hope everything goes well 2morrow",BsSoxPatsCelts
396124449692348416,"@SdotW13 @thelifefiles this is EVERYTHING! I hope my followers follow through with this. â¤ï¸â¤ï¸",katedashh
396124450154090496,"Best month ever at my job #blessed and non stressed great feeling!!!!",njsnowflake_74
396124450191839232,"On the road on a short week is always tough. Need to forget it, rest up &amp; be ready for the Ravens in 10 days. #Bengals",MookieND
396124450036269056,"Wind 0.0 mph WNW. Barometer 30.02 in, Rising slowly. Temperature 58.8 Â°F. Rain today 0.00 in. Humidity 50%",DonaldPrice11
396124450460299264,"IT MAAAA BIRFFFFDAY MONTH! ğŸ‰ğŸ‰ğŸ‰ğŸ‰ğŸ‰ğŸ‰ let's celebrate all month ğŸ˜Š",TailorNotTaylor
396124450195656704,"@Tone_Tone_2015 damn dude! I'm already going to a party one Saturday! Should have told me before my man",JuanBaja
396124450266955776,"@Ini_WitAnOuttie @NotCaeJones lol cool",_CarlyyyC_
396124450690969600,"U suk",daniellepacman
396124450308890624,"I also realized raiders are only stadium to play 2pac too short and icecube &amp; the whole coliseum will rap word for word each song #oakland",26DrDeath
396124450782867456,"COMMERCIAL FIRE | 1400 NE WYNOOSKI RD | 20:58:03 | #pdxtraffic",WashCo_FireMed
396124450938441728,"@sanorlou workin up a sweat huh",julesssn
396124450829393920,"The #Coyotes are my only shot of not making this night a complete disaster! :) that's somewhat odd to say.",shreddedbettor
396124450711539713,"Creo que me trague una moscağŸ˜­ğŸ",Paola_Vazquez4
396124451190095872,"Horror movie mistake number 1: locking yourself in a room.",Tynegove11
396124451265605632,"Ryan literally scared me. Hahahaha. Best night at work ever. #gorilla #goldielocks @ Findlay (East)â€¦ http://t.co/Rj26VkItZl",EmilieChurch
396124451118383104,"#Bengals You have got to be kidding me!!!",KDtheMD
396124451311734784,"I may be wicked stressed, but couldn't be more content with where my life is heading",WarrrenSmith
396124451164549120,"8"" Gauge â™¥",IBe_MissinqYou
396124451106201600,"@Steven_Flick   I've seen it too often. But Fins showed some mental toughness. I won't be able to sleep. Will probably be in late.",dolphinslaxer
396124450644840448,"http://t.co/7KRo8tnWnb",napajayrosado
396124451466518528,"ya no quiero hablar mejor me duermo",Kareniracheta
396124452242849792,"I'll just keep telling myself to be patient.",teshaybe
396124452439990272,"@AP03ballin_KKB3 Halloween*^",ImmanuelWilder
396124452632920065,"Weeeeeeee , here's to getting work done.",TreeTozzi
396124451437178883,"Still not taking L's!",MyLilPony22
396124453232328705,"à¸•à¸­à¸™à¹€à¸”à¹‡à¸à¹†à¸­à¸¢à¸²à¸à¹€à¸‚à¹‰à¸²à¹„à¸›à¸­à¸¢à¸¹à¹ˆà¹ƒà¸™à¸•à¸¹à¹‰à¹€à¸¢à¹‡à¸™.. à¸•à¸­à¸™à¸™à¸µà¹‰à¸­à¸¢à¸¹à¹ˆà¹ƒà¸™à¸—à¸µà¹ˆà¹†à¹€à¸¢à¹‡à¸™à¸¢à¸´à¹ˆà¸‡à¸à¸§à¹ˆà¸²..à¸—à¸µà¹ˆà¹†à¸•à¸¹à¹‰à¹€à¸¢à¹‡à¸™à¸¢à¸±à¸‡à¸­à¸²à¸¢à¸­à¸°",Pim_BYExit_SwR
396124453035192320,"@Brock0104 Women gotta shave tho Lindsey, that's hell for us!!",Bukamania
396124453710856192,"Here kitty kitty... @ The Orpheum Theatre http://t.co/30M0d7tiO2",teacoup
396124453597241344,"Les dije que los pinches Delfines iban a ganar!!!",aleko08
396124453823721472,"I just wanna let the world know I'm probably Instagram famous and vine famous from all the things I was in for #boorito tonight",rachelfischbach
396124454000279552,"Got a big ol' long.... day tomorrow",HDrescher2
396124454096338944,"To the boy that gave me his America vest. God bless you",JillianHancin
396124454155452416,"If that's what you bout you can gtf",Nita2blessed
396124453866065920,"â€œ@bradl3y2010: Does anyone else eat peanut butter with their fingers ?â€ You're one sick bastard",jessica5015
396124454587482112,"It's Halloween bitches !",MartiiBartii5
396124454700335105,"New twitter update is ugly lol.",JordanWaggoner
396124454519967745,"â€œ@JustRuuuby: My tweets all over the placeâ€ tell me about it",PrettyAleese
396124454943617024,"Like i said, unexpected.",EstelaBlanca_
396124455422160896,"Rather yet, the most proudest NY Italian... And actually Italian unlike 70% of the Jersey Shore cast.",CUNTMAFIA
396124455174303745,"@mnbeutler just pulled someone's sacred thread thinking it was part of his costume..........",taylah_gang92
396124455468302336,"Wind 0.8 mph WSW. Barometer 1015.6 mb, Falling very rapidly. Temperature 58.5 F. Rain today 0.00 in. Humidity 94%",MadisonWeather3
396124455383990272,"I seriously can't take Lauren and Justin right now hahahahahahaha ğŸ˜‚ğŸ˜‚ğŸ˜‚ğŸ˜‚ğŸ˜‚ğŸ˜‚",danakkay
396124455506038784,"Happy Halloween everyone.  Lets party !!!  Tipsy Crow!! (at @TheTipsyCrow w/ 4 others) http://t.co/ARN4KQRR6V",VDJBUGZ
396124455102971905,"@Kari_Nautique and happy holloween!!! Heres something for u why can't witches have babies?  Cause there boyfriend has holloweenies!!!! Lol",luckylou900
396124455585333248,"I GOT QUESO ON MY BEDSPREAD NO",melaniemetzman
396124455791230976,"@kenncaroline cause I'm right",grizzstraight44
396124455606317056,"@_duarturo no one had Cameron Wake... So I picked him up",trevJanesi_310
396124455887716352,"happy november, I can't sleep.",daniellllllle
396124456072273920,"Put a car selfie up tomorrow or put the pic of me and @Two_Can_Fran",julcaranci
396124455300112385,"@4for4_John I'm so glad Dalton lost. He played a crappy game and killed my team. Hey Andy, I lose, u lose. Enjoy buddy. #daltonstinks",pcjansen
396124456013144064,"Baby i just landed, you gon' pick me up?",JanieBryan
396124456080252928,"ã€æ¥µå¾®å°åœ°éœ‡é€Ÿå ± USA NCã€‘ 2013/11/1 12:49:09 JST,  éœ‡æºåœ° ã‚¢ãƒ¡ãƒªã‚«åˆè¡†å›½ ã‚«ãƒªãƒ•ã‚©ãƒ«ãƒ‹ã‚¢ ã‚½ãƒãƒã‚¬ã‚¤ã‚¶ãƒ¼ãƒ“ãƒ«  ä»˜è¿‘,  MD0.6, TNT120g,  æ·±ã•7.3km,  http://t.co/YUYxtiPvoz",earthquake_us
396124456034127872,"Had a fun night at @aly_esqi ğŸ’•ğŸ’•",mirdanielle
396124456349089792,"Me and the homie tomg22!! #Brother #Halloween #BangBang #Cards @ Magnolia Plantation Golf Club http://t.co/wRKv9LDTd8",FlashMosley2
396124456306737153,"You annoy me.",kaitlyncarollo
396124456126386176,"â€œ@ArmorOGod: God loves each of us as if there were only one of us.  -St. Augustineâ€ just quoted this ğŸ’ @babybreaux_22",mirandaaloves
396124456386441217,"I may have stopped asking now, but I'm still gonna continue to ask later",alannae_
396124456600739840,"â€œ@SaadUrkel: I have tears, coming down my eyes.â€ Aw y",khadijjaahh
396124456726581248,"When my friends ignore my snapchat &lt;&lt;&lt;&lt; #assholes",JThennessy
396124456885956608,"Working nights is so unhealthy for me, lol. We always have SO much food.. and we order Chinese.. Plus all the coffee. OMG.",ajreedxo
396124456617115648,"Oh hi !",SuiGenerisHaHa
396124456802070528,"Timberrrrrr @ Timber Mountain Log Ride http://t.co/xUQKHL2k9M",aksalter
396124456877572096,"@racz_mitch1 wanna do something this week",AnthonyGalla
396124457171189760,"@JoeFromBuff damnit. Ive been at work and totally forgot about the game",Nmorath89
396124457351532544,"@meganadriana  HappyğŸ‚2U  HappyğŸ‚2U HappyğŸ‚deeaar Megan  HappyğŸ‚2U Filled wğŸ°ğŸ¨ğŸ‰ğŸˆğŸğŸğŸ‘­ğŸ‘ªğŸ‘« U r sweet beauteous smart athletic gr8 frd  ğŸ’–U 2 thğŸŒœn bac",BonnerVicki
396124457254653952,"I'm so loyal it ain't funny!!! ğŸ’¯",U_HeartForevA_I
396124456919117824,"Tank is so fine man ğŸ˜ğŸ˜ğŸ˜",Lil__Kaci
396124456617140224,"@This_JiGaBoo fucc u",OfficialSiege
396124457476956160,"This kid literally just fell asleep within 30 seconds.",Pistol_016
396124457678671872,"Form Follows Function. #architecture #modernism #mies #formfollowsfunction @ The Malt House http://t.co/TVc5tS2LeB",kbookatz
396124456982048769,"@katienewman043 i was just about to tweet 'but its okay because i assume too fast as well' â˜ºï¸â˜ºï¸â˜ºï¸",laurennnwright
396124457859043328,"I'm really confused right now?",ZachBonnell
396124457699254272,"ã€æ¥µå¾®å°åœ°éœ‡é€Ÿå ± USA NCã€‘ 2013/11/1 12:49:09 JST,  éœ‡æºåœ° ã‚¢ãƒ¡ãƒªã‚«åˆè¡†å›½ ã‚«ãƒªãƒ•ã‚©ãƒ«ãƒ‹ã‚¢ ã‚½ãƒãƒã‚¬ã‚¤ã‚¶ãƒ¼ãƒ“ãƒ«  ä»˜è¿‘,  MD0.6, TNT120g,  æ·±ã•7.3km,  http://t.co/kE5m91NtzL",earthquake_all
396124457921966080,"@alex_brewer09 @kaleynewcomb I don't even know what I said but sure",CassiWhitworth
396124457804107776,"I love Dominican men ğŸ˜ğŸ™Œ",StayBlessed44
396124457984462848,"@KellyZevEn @cristinarincon5 @fannyaret @trendy_avryl jajajaja ya te la acabaste a la Eve...sis",agon1277
396124457850257409,"@caylaa_bethh @Courtney_Frick @MissEmmaMay matt*",PangTJ
396124458379128832,"Now that's the icing on the cake...cake cake cake cake ğŸ‘‘ğŸƒğŸ‘»ğŸ˜ğŸ‰ğŸ #birthday #halloween #19 @ 40/40 Club http://t.co/a309FRBgMx",AllisonCatala
396124458345177088,"Past my bedtime, work @ 6:30AM âœŒï¸",Lauren_ash93
396124458676936704,"""Everyone is the same fucking three things a fucking luigi a fucking minion or a fucking cowboy ... And then there's a rabbit "" - @Hspillz",RamSosario
396124458378752001,"Drizzy in SA in 12 days. Who's ready?",JGomez52
396124458546495488,"This great family home is located close to shopping, dining, schools, churches and the I17.  The kitchen which opens  http://t.co/phX3FyKA8I",DesertViewRealt
396124458429456384,"Happy Birthday to the most beautiful girl I know â¤ï¸ğŸ˜˜ğŸ˜ http://t.co/z4wcI9j1FP",JeffreyNews
396124459020877824,"@WhereverWriter I'm sure they have plenty of candy to spare. except zuckerberg...what a cheapskate!",heyguey
396124458781380608,"@TrebleGod didn't see they faces lol",dantebarnes
396124459188629505,"It is now officially the best time of the year. #thanksgiving #birthday #Christmas",maddyred17
396124459486420993,"DAMN ITS NOVEMBER 1st DOE ğŸ˜¦",b_tiddaHIZZOO
396124459385368577,"Uggggggh. That game just kinda made me very fucking mad.",monicaaajr
396124459305668609,"ã€æ¥µå¾®å°åœ°éœ‡é€Ÿå ± USA NCã€‘ 2013/11/1 12:49:09 JST,  éœ‡æºåœ° ã‚¢ãƒ¡ãƒªã‚«åˆè¡†å›½ ã‚«ãƒªãƒ•ã‚©ãƒ«ãƒ‹ã‚¢ ã‚½ãƒãƒã‚¬ã‚¤ã‚¶ãƒ¼ãƒ“ãƒ«  ä»˜è¿‘,  MD0.6, TNT120g,  æ·±ã•7.3km,  http://t.co/4AA2MVHEI3",earthquake_all0
396124459759075328,"I never have anyone to text. ğŸ˜”",FLYGUYKASi
396124459742285824,"@AizadA93 no she has a real life Gretchen wieners with her actuallllly",gillianbonner2
396124459678969856,"@theDmiller12 dang Marie dis is police bitness. I cudda wasted you",wyattanderson7
396124459775438848,"You're hot, doe. #textme",_jadenludwig
396124459922251776,"Im in my feelings now cause of that",JSwigerd
396124460123975680,"When Paul Rudd asks Dr. Loomis to come leave town with them, Doc says ""no"" they just leave ğŸ˜‚ğŸ˜‚ğŸ˜‚ funny to me",DarkSkipBayless
396124459645427712,"@MatthewBerryTMR Bernard's second half was so much better after my first half sugar overdose.",thepink9975
396124460215832576,"Lonely iscell in bed right now",_iBlondi3Jiaah
396124460425961472,"It's winning week for Miami, Canes pull the upset saturday",SuckaFreeDev
396124460350451712,"Must be nice to be able to go out for Halloween #adultlife",jennsurvive
396124460366852096,"If you have a butt you can get far in life.",HOLLIDAYGOESHAM
396124460379803648,"Just got home, such a chill / fun night î î§",m4riatweets
396124459767050240,"@Ajeemoneaa__ nfb",KillaLordDee
396124460517826561,"AREA CHECK at 1200 BLOCK OF NE MARKET DR, FAIRVIEW, OR [Fairview Police #PF13000006472] 20:53 #pdx911",pdxsherrifflog
396124460732153856,"wtf",AnnaSangster
396124460605919232,"Happy Halloween everyone.",i7uf
396124461101236224,"HAPPY NEW DAY! November 1st ğŸ˜",dykota_hillman
396124461256417280,"Honest Dm ? â—ï¸ favorite this",__flyygirll
396124461088264192,"Waiting for 12 o'clock like ğŸ•›ğŸ‘€",KINGxKemmy
396124461273202688,"Batgirl and Harley Quinn absolutely deserve some popcorn. We survived the haunted house. @taaashkaâ€¦ http://t.co/DGcLgteBp2",reesewong
396124461218676736,"@Q_Chainzzz happy birthday babbyyy î˜î˜î˜î˜î˜î˜î˜",Zionn_
396124460815618048,"Yo..y Mi NuEvA pLaYeRa.. http://t.co/sOTxZbKvi7",joaxellsk8
396124461402836993,"â€œ@thatgaal_baad: I donee heard from likee 5 peoplee Kiera fw . Sabria *â€uhmmmmm wht that sound like ?",MariYoAddiction
396124462149816321,"Hate wen I'm comfortable Layin down then randomly My remote comes up missing then I gotta get up and look for it",DA_CONS_BACK
396124461495119872,"""I just hailed 6 cabs""",c8creedon
396124462149824512,"Ø§Ù„Ù„Ù‡Ù… Ù„Ùƒ Ø§Ù„Ø­Ù…Ø¯ ÙƒÙ…Ø§ ÙŠÙ†Ø¨ØºÙŠ Ù„Ø¬Ù„Ø§ ÙˆØ¬Ù‡Ùƒ ÙˆØ¹Ø¸ÙŠÙ… Ø³Ù„Ø·Ø§Ù†Ùƒ.  #Ù‚Ø·Ø± #Ø§Ù„Ø³Ø¹ÙˆØ¯ÙŠØ©",kalkhelaifi
396124461818081280,"@MikeTheToaster same\m/",SammyGirl0913
396124462380093441,"ã€å¾®å°åœ°éœ‡é€Ÿå ± USA CIã€‘ 2013/11/1 12:53:14 JST,  éœ‡æºåœ° ã‚¢ãƒ¡ãƒªã‚«åˆè¡†å›½ ã‚«ãƒªãƒ•ã‚©ãƒ«ãƒ‹ã‚¢ ã‚¤ãƒ³ãƒšãƒªã‚¢ãƒ«ã‚«ãƒªãƒ‘ãƒˆãƒªã‚¢  ä»˜è¿‘,  ML1.2, TNT951g,  æ·±ã•2.0km,  http://t.co/UNo256PtZ1",earthquake_us
396124462560448515,"Had to drive the rest of the way back home Cassie couldn't even drive her own car ğŸ˜‚",savannnuhh18
396124463005044736,"Wind 0.0 mph ---. Barometer 30.19 in, Rising slowly. Temperature 52.3 Â°F. Rain today 0.13 in. Humidity 88%",EE_Data
396124463357788160,"OCTOVER",danny4466
396124463235739649,"Seeing an unattractive Ryan Gosling in this movie is so weird. #Larsandtherealgirl",ameliannaire
396124462547865600,"I need this @jackgilinsky @JackJackJohnson http://t.co/iTmtowHFnJ",JEWLS___
396124463563300864,"@PhoenixProduct_ @Mcpegirl15 exactly she's just a yr older #whogivesaflyingfuck",HerosminersYT
396124463650979841,"Nothing's impossible for God! ğŸ’¯ğŸ™",RCHR14
396124463739060224,"I love to see niggas repping they females, that's respect! S/O to yall!",O_Redd
396124463642603523,"@TaeScrappy yea you ?",Artistic_Gemini
396124463852302336,"ã€å¾®å°åœ°éœ‡é€Ÿå ± USA CIã€‘ 2013/11/1 12:53:14 JST,  éœ‡æºåœ° ã‚¢ãƒ¡ãƒªã‚«åˆè¡†å›½ ã‚«ãƒªãƒ•ã‚©ãƒ«ãƒ‹ã‚¢ ã‚¤ãƒ³ãƒšãƒªã‚¢ãƒ«ã‚«ãƒªãƒ‘ãƒˆãƒªã‚¢  ä»˜è¿‘,  ML1.2, TNT951g,  æ·±ã•2.0km,  http://t.co/DktQtrPpqj",earthquake_all
396124463630004224,"Getting thrown in the jumper because i was so tiny its ight.",BadAssDreahh
396124464272142336,"Because they are the http://t.co/NNIAIMSffw!ğŸ˜ğŸ˜ğŸ˜ğŸ˜ğŸ˜",brittanylyn13
396124464330461184,"Sleep",Trey_Tutts
396124464229785602,"TRAFFIC STOP at EB I84 FWY AT / NE 201ST AVE, GRESHAM, OR [Multnomah County Sheriff #PM13000041646] 20:46 #pdx911",pdxsherrifflog
396124464603467776,"@neverabogey603 regardless of anyone's performances this week, the Bengals will still be in first by 1 1/2 games. #Truth",BarryOHouse661
396124464506617856,"Sleeping Naked w/ my favorite cover &gt;",JessThee_Best
396124464028471297,"damn nicki damn http://t.co/rSDybM6axj",BJV212
396124464552767488,"Just a little bit ğŸ‘Œ",XavierMitchell_
396124464720535552,"@_MoniqueeMarie listening to music laying wyd",Dezy_Rayy
396124465094209536,"Did I just crank up Marble Floors? No, but I am playing it.",DKP_TribeWDE
396124464905080832,"ğŸ˜³ğŸ˜³ğŸ˜³",espi_olvera
396124464812785665,"@Sabrinabreanne Arrest me?ğŸ˜‚",AlecAnderson55
396124464926060544,"â€œ@RatedR4Reno: Happy Halloween from my roommate to you http://t.co/RCYv8GI0yVâ€ ğŸ‘»",jay_mami
396124465483894784,"#TheGhostOfTheHotel",CristianiTweets
396124465677230080,"Another reason to love #NYC. First ever #Halloween light show from theÂ #empirestatebuildingÂ http://t.co/58fq7Kq6bk",petershankman
396124465525837824,"ã€å¾®å°åœ°éœ‡é€Ÿå ± USA CIã€‘ 2013/11/1 12:53:14 JST,  éœ‡æºåœ° ã‚¢ãƒ¡ãƒªã‚«åˆè¡†å›½ ã‚«ãƒªãƒ•ã‚©ãƒ«ãƒ‹ã‚¢ ã‚¤ãƒ³ãƒšãƒªã‚¢ãƒ«ã‚«ãƒªãƒ‘ãƒˆãƒªã‚¢  ä»˜è¿‘,  ML1.2, TNT951g,  æ·±ã•2.0km,  http://t.co/QMeUVqth1o",earthquake_all0
396124465756930048,"Well now that the powers back I have a long night ahead of me",TheChinaDoll_96
396124465559400448,"@hadillerz I'm inlove with you too sexy",samdacat_
396124466046320640,"I wish I could be a witch then I could cast spells on people that are mean or guys I like.",twags16
396124465043492864,"Saw my babieeees ğŸƒğŸ‘»ğŸ‘¬ğŸ‘­ http://t.co/WPvRJ363Bw",xocasandra
396124466079887360,"â˜‡ â˜ƒ",AlejandraAntun3
396124466037547008,"Happy birthday @_callmeBONNIE #Scorpio ğŸŠğŸŠğŸŠğŸ‰ğŸ‰ğŸ‰ğŸŠğŸ‰",Tavan_95
396124466071080960,"""Where is Los Angelos? ""LA"" I don't know who needs more help",morganlee0609
396124466154987520,"I only use thongs when their needed Becuase their sooo uncomfortable ğŸ˜­",fernaaaayy
396124466473758720,"I'm Super dooper tired ! :/",ElaaRose
396124466582798337,"Playing airplane with Ryan ğŸ˜âœˆï¸ğŸ™ˆ",sdimmette22
396124466616360960,"Bawmb",_nayzaa
396124466746359808,"Thotties",TropicalSosa
396124467015200768,"@ayeibkirbs bullshit females got to shave ğŸ˜–",DOLO_ORTIZ
396124466842841089,"Movies and shit is lame right now",Yazmean_
396124467002220544,"Lol fuck everyone",_ayejayyy
396124467359154176,"Happy Halloween @ Oxford, MS http://t.co/2RVyXm0dX5",bizcarr
396124467237109761,"They're playing Strange Overflow at The Shrine. I prefer the @WeBarbarians cover. Oh how I miss them...",ZoGLOw
396124467333586944,"Kelbdog turns 21 in a week. :O #RunningAway",MarissaLayn
396124467320999936,"@spee_t3 @TheReelJuicyJay I typed spee first but I don't follow you so it didn't come up.. Oops",cfitz2017
396124467614601217,"@Kold91 can do no wrong.",Enuff_Said
396124467484577792,"Off work all weekend ğŸ™Œ",mydaughterworld
396124467967320064,"And finally, November ğŸ™Œ Getting everything ready for Leila this month. Still can't believe she'll be here so soon ğŸ˜±ğŸ˜ğŸ’œ #SOEXCITED #myprincess",kaywa_michelle
396124467992494080,"I didn't know I was lost.....",derekdab18
396124468055404544,"Day one on crutches and I'm over them already.",brit_knee222
396124467945943040,"Only thing to look forward to now is thanksgiving, shopping, Christmas music, and family time",philipmiller21
396124467987886080,"A man should never have this much homework before friday night lights",KingJamesXL
396124468009259008,"@shanicej_xo @prettythuug__  lmao I going to eat bread and water now",ParrisDevon
396124467031592963,"Indian, Marilyn and Bettie Page â¤ï¸ğŸ’‹ğŸ’„ @velaniemossler @LindseyCatz http://t.co/x1PgieGq2w",alexaraetx
396124468307050497,"Yess is November time is going dumb quick",SESSIINAT
396124468529360897,"She looked good though",_TheGrandPumba
396124468458045440,"Visiting #Garvin, #Oklahoma? Check out this great new app for news, weather, hotels, and food here! http://t.co/3mhBCqNhV0",screamradius
396124468243750912,"@Dom_Mello Cause you're baaaaad!",Kalvin_GhosTz
396124468739055616,"And this is happening.",jamaicanfrodo
396124468713504768,"I'm super tired",abigail_aguayo
396124469221400576,"@BigTra21 YESSS",CianaCreighton
396124469233586176,"Your accusations are absurd and quite shallow my friend",dylanfurtado1
396124469313294336,"Oye discÃºlpame, pero te pasas de guapo.",tottimilan
396124469426528256,"If I gave you my hand would you take it and make me the happiest girl in the world?",KatieLowman23
396124469624074240,"@mwilson46 AJ Green and Lamar Miller. PPR ğŸ‘",Josh__Harris
396124469917274114,"@TRUtv_Roman hahaha what?",ColeHitsThrees
396124470123188224,"Take a shot for me !!",alyyssaajasper
396124469862731776,"#yayaai",FcoMartinMtz
396124470013730817,"Foreign money",LoverBoy_XOxo
396124470219268096,"@kcbsnews Cincinnati-Miami classic in OT. Would be a shame for either team to lose. #wink #NFL @LenzContact",DaveLewissports
396124470273789952,"I'm done feeling this way just cause of you.",reynabeltran4
396124470114385920,"B days are my fav.",JackieStrange2
396124470508666880,"I'm lowkey butthurt that none of my friends invited me to any parties. Thanks assholes. You're not getting any homemade cookies",LaSirena_txo
396124470785880064,"If he don't hurry TF up and get here ik something!",uu_Should_Adore
396124470878158848,"Sleep deprivation + alcohol and I become an awkward teenager again. Ah well. Nothing a little sleep can't cure!",jennifershark
396124470772908032,"Hitting the sheets and I'm gonna be sleeping like a baby tonight thanks to my cold meds!! ğŸ˜´ #nightynight",paiigebradyy
396124470772891648,"Sometimes you have to act like you don't care, even when you do.â€",FlyGuy_Two
396124471091658752,"Party bus.. Get it get it",garoorooblue
396124471347916800,"DOLPHINS WIN!!! DOLPHINS WIN!!!",RyanAcesHenry
396124471360495616,"@2prettyamanda daddy needs tacos today",Big_Play_Trey3
396124471284609024,"THEFT - PRIORITY at 6800 BLOCK OF N LOMBARD ST, PORTLAND, OR [Portland Police #PP13000360906] 20:34 #pdx911",pdxpolicelog
396124471700246528,"11 times in less than an hour ğŸ˜ğŸ™Š",Travontaz
396124471599562752,"â€œ@KimsComeback: Late nighters! Tyler will be posting a personal cover video tomorrow!!!â€ It's true",TylerComeback
396124471561420800,"@mdylag16 I already did ğŸ˜",PhillupZ
396124471771537408,"Happy birthday @ashley_noellee I hope you're day is great!! You deserve a great day today and my book will go into more detail but ilyâ˜ºï¸â˜ºï¸ğŸ˜˜ğŸ˜˜",Mattyg61
396124471729209345,"Ø§Ù„Ù„Ù‡Ù… ÙÙƒ Ø§Ø³Ø±Ù‡ ÙˆØ§Ø³Ø± Ø¬Ù…ÙŠØ¹ Ø§Ù„Ù…Ø³Ù„Ù…ÙŠÙ† ØŒØŒ Ø­Ø³Ø¨Ù†Ø§ Ø§Ù„Ù„Ù‡ Ø¹Ù„Ù‰ Ù…Ù† Ø·ØºÙ‰ Ùˆ ØªØ¬Ø¨Ø±  #Ø­Ù…ÙŠØ¯Ø§Ù†_Ø§Ù„ØªØ±ÙƒÙŠ_1_Ù†ÙˆÙÙ…Ø¨Ø±",RIGHT_VISION
396124472065150976,"Uuuugggghhh I experienced life as a Dolphins fan for a game. Whew glad that's over!",gweb617
396124471901159425,"Forgot about Anna's shirt o:",April_g17
396124471678889984,"White people tend to be much more secretive",quasmay
396124472396500992,"Omg there's an I Love Lucy play/show playing here in Toronto and i need to go",vanessaOdowd
396124472430059520,"my attitude sucks when u dont come around",dwilson84
396124472572665856,"Cuandooo venia subiiendoo vi el poloche de raja Enla escaleraaa :(",Bichiaintensa
396124472551698432,"Ugh ğŸ˜”",DohertyAlice
396124472585224192,"@kmdowell3 hahaha awesome! Now she's flying that made my night",kafherring
396124472589053952,"1000 ratone come",HoeDaddyHoward
396124472853663744,"@CoJo_Cinco me too,well when I watch the great pumpkin, Charlie Brown #comeseeme",LoriRJoseph
396124472496779264,"@brittbuzz OMG YESSS!!!!! bahahahaha #perfecttttt",KelsMarieS
396124473025654784,"#DrunkAsFuck",_ccollas96
396124473088176128,"Losing the game by a safety in OT? That should be all the proof you need that Thursday Night Football is a bad idea #soSloppy",tsmuse
396124473188831232,"#CommercialAlarm at Airport Boulevard. #orlpol",orlpol32827
396124473390563328,"I love you Alicia! RT @dynamotheory @GingeFC Quiet Sounder fan",1morequietnight
396124473364975616,"""When I wake up in the morning and before I fall asleep, I think of you""",aamandasmithh
396124473511776256,"W against the Pats on the road but not the Browns or Dolphins #sure #norhyme #noreason",DmiggityMac
396124473268514816,"@LuckyEm16 omg so cute ! ğŸ˜",Smexy_Lexy109
396124473524359168,"Pop! @GetAwayFromU",tageborkoff
396124473755439104,"either I'm sleepy or just acting dumb ass hell , but everything is funny to me tonight ğŸ˜‚ğŸ˜‚ğŸ˜‚",xJasmineUnique
396124474166505472,"@SeanGautier13 u cant swim..",Daddy__Dalton
396124474136727554,"I know you're sick and tired of all that bullshit. So don't be afraid, take a shot, bite the bullet.",Johnzyyy
396124474333884417,"@DCaldwell32 haha I know. Il holler at You",99_russell
396124474568765440,"Just made out with Jen for a beer NEVER FORGET",youonlyCIVonce
396124474778857472,"Closed Parking Complaint request at 906 S Kenwood Ave http://t.co/2YZIn1ec6Y. After parking control hours - contact the police.",baltimore311
396124474854367232,"Chris Paul &amp; Allen Iverson my 2 Favorite PG's of All Time",Too_RACkEdUp10
396124474955005952,"If Colleen sets the fire alarm making this grilled cheese i will cry",jessyj106
396124474736508928,"I love soccer, &amp; soccer loves me ok.",rubyitzel11
396124475143778304,"â€œ@moore_rach: http://t.co/l42cHTyD5G every girl needs to watch this srslyâ€",samara_wright
396124475223060480,"Love my bf for being with me thru good and bad. He always makes me feel loved and know that he is always there.",tushi_20
396124475181133824,"My feet hurt from all that walking &amp; I didn't get candy at all ğŸ˜’",yvonne_suarez12
396124475101442048,"@iJEVON e",Latinaaa_13
396124475214688256,"@Jay_Moore12hc @cj_bball23 I was messing with Tia at the time of the bet bruh",cloudkicker_92
396124475739353088,"I'm at Madison Square (Savannah, GA) http://t.co/3FyV05BuNN",Calstubbs
396124475823226880,"Beat the best fucking teams in the league lose to the fuckphins",CR2FL
396124475126587392,"I found the 'cum' like substance in my hair",samilampitt
396124475919712256,"@Returning_Will what",MarkJrSays
396124475932303360,"#spoopy #bubbletea ahhh! #halloween #scary @ShatTheCat @ Tea Shop 168 http://t.co/MhVxpmXAb7",micheilduncan
396124475902550016,"Have to adapt to change even of it hurts",J_Flynn39
396124475885756416,"@4everJames Youu off Now lol?",Rocking_Trues
396124475806474240,"Grouplove's new album is divine. ğŸ˜ŠğŸ’•",laylamariex3
396124476318175232,"When you learn better you do better",babykobe2013
396124476330766336,"â€œ@gilbertura: @ShowTimeKeemo Barnes not even playingâ€ Harrison Barnes gon make that much of a difference b ? They down 16 lol",ShowTimeKeemo
396124476255260672,"No shave November starts now",kev_keef
396124475961253888,"#halloween#success",Chyna_Munoz
396124476162580480,"They told me get em, I got em.",_EJEEZY
396124475659264000,"WANT http://t.co/bEYRvsTZ3V",FallonMarkwell
396124477219938304,"RT @thisisdman: Ron Artest vs. Detroit fight still the GOAT",Too_Easyyy
396124477207375872,"November 1 2013",tylermunford
396124477005635584,"@xoxoverride You're doing it right.",Wesloweb
396124476909162496,"@sweetphaniee how old you turning ? 5 ? Or 6? I keep forgetting ...",Untoldjay
396124477198569472,"Happy Halloween !!!!!&lt;3",diana22quizoz
396124477870080000,"I'm at Charley's Place (Glendale, AZ) http://t.co/QwPYtbxucm",CharleyKJ
396124477739642880,"let's go do some hood rat stuff .",_____ohx
396124478260125696,"Why do people snapchat when there's #FaceTime #winning #facewinning",zorilla87
396124478242967553,"@Well_blowmedown Oh. I see you tagged my name lol.",LetsHave_Lexx
396124478444285952,"I got my brothers that I fuck with. Them my niggas that's the squad ğŸ’¯",Almighty_Guwop
396124478490816512,"Hmmm there's always next yr hopefully he'll be talking by then",NicholeC_95
396124478713118720,"But mom, all the other kids are getting turnt",BottlesOfRozayy
396124478511779840,"http://t.co/3d205Q68Tu",MissGoGetter252
396124478779846656,"People that know about running &gt;",josemart1215
396124478846939136,"Halloween is officially over. #sadness ğŸ˜­",SaraBabyxoxoxo
396124479312904192,"Wake!!!!!!! FINSUP!!!!!",Diddybull32
396124479216029697,"Goodnight everyone!",lolololollollll
396124479421566976,"Nigga just got treated",Qu33nKema_Barbi
396124479337664513,"Wind 1.2 km/h S. Barometer 1013.2 mb, Rising slowly. Temperature 18.7 Â°C. Rain today 3.9 mm. Humidity 77%",RafaOrtizG
396124479404793856,"@News1130radio @AMacOnAir 8 in south slope #BURNABY",FredQuan
396124479631278080,"your cute.",laurenemilydean
396124480172740608,"@Mariska can't follow everyone. I accept that. I am going to fan girl some stranger and hope I don't get arrested hahaha",leeannthegreat
396124479832588288,"the slutty vampire http://t.co/ehEKtLEQ1x",mojohnss
396124479702573058,"Look at these candy I got from Halloween. I went 3 neighborhood tonight. So much fun. http://t.co/2jSliXRu63",_O1GDxQ
396124480516284417,"I can't stand dealing with girls",nnooojjaannn
396124480541433857,"Black girls is a funny ass phrase",Murray619
396124480629526528,"I think I'm going to get a Galaxy",alissaliane
396124480927313920,"Cold as hell by state wtfffff!!",Fckthebull
396124481095073792,"Everyone always jumps on Andy. It's not his fault.",LaceEverett
396124481246466049,"@celinevans_ lets go to john Adams!",notoriousHIG_
396124481301016576,"Alcorn &gt; TNF or nah? Lol",GeniusIAm
396124481120243712,"Bout to take a bath and read for a bit. #MeTime",carlie_arabella
396124481431011328,"We #sampled a bottle of jackdaniels_us and made a beat and video exclusively out of what we recorded.â€¦ http://t.co/KGPA0T6Swx",MagneticKitchen
396124481703661568,"Please love me. @Harry_Styles",jennaadams9
396124481690693632,"Matthew will probably hate me because I sent him all those stickers but oh well. They are for Halloween ğŸƒğŸ‘»",gabbyxdearest
396124481741004801,"And the Dolphins win on a safety! Nice work #Cameronwake #NFL #TNF",mmcoates
396124481845882882,"10/31 23:00 Temp 55.0F, Humidity 92%, wind --- 0 mph gusting 0, baro 29.835 inHg &amp; Rising, DP 52.7, rain 1.78"", solar 0, UV 0.0 #txwx",CenTexWX
396124481581637632,"cus baby we can take it sloowwwww",lexiichea
396124482416697344,"Time for a slight costume change. #halloween @ Hotel Carter http://t.co/GcP1sc5o5c",PickMeImTheOne
396124482840305664,"@DrewFowler_15 no nightmares for meğŸ˜",_annadouglas
396124482881871874,"@IFckedYoBetch I fucking know! ğŸ˜‚",HaleyKral
396124483297509376,"@sarahhalee It's November NowğŸ‘",POSH__GoddSWANK
396124483246776320,"There are 3 guys dressed as Robert Thicke surrounding 1 Miley. Its about to go down.",Stu__Pickles
396124483494641664,"@lesleyest And when KIDS are involved, how can you NOT err on the side of caution???",angiecarnathan
396124483427115008,"Drinking black coffee always makes me feel like a grown up ğŸ˜Šâ˜•ï¸",swingin_singer
396124483872129024,"Wind 7.6 mph SE. Barometer 28.96 in, Falling. Temperature 64.8 Â°F. Rain today 0.78 in. Humidity 99%",PowellOHWeather
396124483548758016,"Me don't wanna go solo!",Sweetie_li_ciou
396124483800412160,"#quoteofthenight ""seriously Abby I need help I'm in pain.""",abby_pegg
396124483880103936,"Me an my youngings on a paper chase fuck who ever in the way",DREADHEADROSTA
396124484123766784,"@ImKeeganShea soOoOoo lazy",Leederscottxo
396124484165730304,"@sinfulDeluxe hmmm I wonder why",RenyTay
396124484354445312,"Weird bored and still up for some reason Lol @ mommy's house http://t.co/LidWcMraCm",Ms_Mugga_Mommy
396124484039499776,"The fact he's in my life, I'll always be grateful he's always there even when he doesn't have to. Thank you :') his text ğŸ™Œ #thankyou",Shawtyy_Forever
396124484589355009,"@Manny_Navarro wow !!!",xtsgusperez
396124484530221056,"Ya it was funny at first but bruh ğŸ˜©",chandlerprchard
396124484165316608,"@stoneeeyyy Lol alright ğŸ˜‚ğŸ˜‚",Kennif_Kennif
396124484631277568,"Blessed to have him in my life ğŸ’›",BriannaRuiz82
396124484601520128,"R",Aye_annabelle
396124484760907776,"My face hurts so bad.",LK419
396124484593135616,"@kevinisourhero  yes that photo of @kevinjonas &amp;@daniellejonas is adorable and @DinaDeleasaG has the most awesome sister",TeamJoddon2012
396124485050703872,"I swear somebody's knocking at my door at 11:59PM #thepurge",joan_delson
396124485189115904,"Waiting for la wifey (@ 2201 Eglinton Ave. E w/ @maybezaybe) http://t.co/0rpwzGUVlC",abbaspeaks
396124485159374848,"They getting down at jack thoee",MCFOXOXO
396124485209694208,"I swear American Horror Story reruns are only at night.. Fucking gay.âœ‹",itsmoorebaby
396124485310361600,"@xMackle come home now. Okay?",iDarianStanard
396124485587587073,"@lohansbby aw bae you deserve to be happy though &lt;3 ily too :)",fondofanthonyq
396124485482323968,"Yo yo. No homo. I'm not gay, FAGGOT.",Wolf_Ace666
396124485587595264,"@jaremsdreams42 fuck that bitch!!!!!",ZacharyZajdel
396124485390049280,"Yeah my boyfriend is amazing even when he should be super mad at me he still smiles kisses me and tells me he loves me #sorrybabe #heskeeper",Justina_Marie84
396124485314547712,"That was a struggle trying I take my sister out of the house we bony ass thought I couldn't carry her girl I'm pick yo ass up ğŸ‘Š",lupemunozz
396124485289377792,"@iamTyGr taaaakkkkinnnggg tooooo loonnnnnnngggg http://t.co/fckfGHy2JJ",DigitistDubstep
396124485603958784,"@Ayo_Ericaa I'm mad at you",mike_T44
396124486065328128,"Literally did nothing tonight",Gabbbss_
396124486035972096,"@ChantiThatsME thanks lol",FollowCoachJaye
396124486249889792,"Team fuck bitches get money is in full affect tonight",A_SHAWTY69
396124486359347200,"â€œ@foxygrandpa62: I'VE COME FOR YOUR PICKLE.â€ @rifflesamantha ğŸ˜‚",KelseyRiffle
396124486312792064,"Oh, #Bengals. I'll always love you so much, but you really hurt me this time.",smorganwhite
396124486455422977,"Baby I wanna be wit u",Dirty_Boy_5
396124486610997248,"Cameron Wake just went huge!!",ReynoldsWrapuh
396124486430240768,"Lil wayne stop trying to rap like Chance ok",EzyMac_
396124486614794240,"I regret my decision, but there's no going back now.",MichaelJimenez_
396124487000657920,"BENGALS GET TRICK &amp; dolphins gets the Treat.",djrdman
396124487315648512,"Religion is such a huge topic...",j_fabienne
396124487592054785,"â€œ@PrettyLorraina: I cant even walkâ€ Damn who gave you the Dope lol",Phillyy_Phill
396124487357177856,"But I gotta be early just incase Fred comes back. He comes early!",ThatGirl_Normaa
396124487755649024,"@PrinceAzzo hello",j_ciay
396124487898652672,"someone come be sad with me....  or at least occupy my mind",courtneeydaryl
396124488368402432,"@cassiweekes @Harv35Cody oh okay I gave you shit once about the whole thing I've heard about you guys like every day. But whateverr",racerusk7
396124488460677120,"@DaItalianPizon believe me I stopped celebrating for a bit",LetsGoDolphins1
396124488317669376,"Addicted to Gossip Girl",inge_mueller
396124488472854530,"You don't look ashamed &amp; baby I'm not scared.",_baileeeee
396124488649023488,"I just remembered I saw DJ Lex at In-N-Out haha",SouloE_
396124488901099520,"You're attractive",RobertChong_
396124488951033856,"@farmgirl_fit ğŸ‘ğŸ‘ğŸ˜‰ğŸ’ªğŸ’ªğŸ˜",bstoschoolsweat
396124489072664577,"@katymylady22 last one. He misses you.",Cooooooory
396124489198891008,"@zucal13 no",ThomasBurlett
396124488552558592,"Here's my second costume.ğŸƒ http://t.co/VPMSGrkc4O",sailorkathryn
396124489194283008,"@trofholz30 soooo Halloweens over in an hour!!! You spending it with me?",etrofholz
396124490012180480,"Lmfao #binyabinyapollywog lmfao",JessAKA_
396124490352320513,"Great win @MiamiDolphins!!! Unbelievable ending to an incredible #TNF",ChristianSetian
396124490436182016,"Happy Halloween Everyone!! Just being a nerd! tony75106 jasonm1216 lalvarez005 mmmargie_ #nerdâ€¦ http://t.co/MQFxXUSUNn",CritneyClears
396124490478125057,"Tonight El Party Official de Halloween jueves 31 oct.@ La Escondida Rest MUSIC by Djsammy $200 Bestâ€¦ http://t.co/OAVs33JfzR",djsammyinthemix
396124490314153985,"My hair is so soaked it looks like I've got afro sheen going on. I'm going to audition for the remake of #ComingToAmerica",Limp_N_Zombie
396124490687848448,"@xocourtneytabor ğŸ˜ŠğŸ˜˜",Shimi_Souliki
396124490028961792,"@aharper12345 bae playing video games http://t.co/n6gKYzg5b7",BigBoootyJuddy_
396124490574598144,"Happy birth to you @KatiePressman http://t.co/vTgFoP1UQD",katepaige5
396124491405099008,"ITSSS MY BIRTHDAYYYYY â—ï¸â—ï¸â—ï¸â—ï¸",xFallen_Ahsyla
396124491962937344,"Birthdays done in 1 min thanks to the beautiful lady's and bros that said happy birthday to me ğŸ˜‹ğŸ˜ğŸ˜ğŸ˜ğŸ˜",kidd__Haze
396124491564064768,"seen the cutest baby costumes today. ğŸ˜",MaddiIsDaddy
396124492290072576,"Why do I get screwed over so much by guys. That shit hurts so bad",jacquemcmurray
396124492256141312,"Hate when my phone accidentally ""likes"" peoples photos.",karana10_anna
396124492751446017,"Get written up, aimlessly walk around SouthSide, order Milano's #DuquesneHatTrick",car_roll12
396124492700717056,"About that time to move to Orlando",Gallito_Zayy
396124492894072832,"Si ya soy americano va",vmrdll
396124492843343873,"Is this an NFL first? Walk off safety?",ABurns85
396124493048856576,"Such a busy week, this weekend will be nothing but laziness.",buggaboo612
396124493321895937,"Least I get off at 3 tho",KaylasDaBomb
396124492797575168,"HAPPY BIRTHDAY TO THE BEST PICKLE IN THE WORLD I LOVE YOU LILY http://t.co/ff2nR7oWeO",BellaVassos
396124493258567680,"OH LAWD. boring ass Halloween. someone better give me candy tomorrow.",cynbabbe_
396124493753483264,"It's a win! And I win is a win!  #FinsUp #MiamiNation",Ryan_Has_Bacon
396124494156554240,"Halloween just isn't what it used to be #disappointed",nicole__vee
396124493883506688,"El bueno las persiguen y ustedes andas atras de otro wey oliendole los pedos smh . Lol",RigoFlores_XO
396124494206877696,"I wonder if there's actually any biker clubs like the sons",MUNRO_yourboat
396124494261420032,"Everyone has flaws, learn to accept them.",johnna_justine
396124493829001216,"It's my Big booty BABY's birthday ğŸ˜‚ğŸ˜ğŸ˜˜â¤ï¸ yo young ass finally 1âƒ£6âƒ£ ğŸ™Š we finna turn TF up this weekend though  ğŸ˜ğŸ’ƒğŸ‘¯ğŸ‰ğŸŠğŸğŸ°ğŸ‚  @calahbaby_ HBD BOOâ€¼ï¸",KINGxKemmy
396124494063890432,"This was one of the greatest nights in a while!ğŸ˜‰ @LivvNicholas13 @MacChilds @Ehanover99 @Madelyn_Jacobs @SpEnCeR__HaRdY",alexfreman11
396124494072647680,"Even white people can construct something beautiful! #THWTR http://t.co/b4pfb9oEgx",spencerkelley16
396124494705987584,"rhrillwrs on",Kimberley_Klein
396124494676647936,"@napheissaowens you new now. you &amp; Kayla ğŸ˜’ 410-946-7145. shoot me a text tomorrow.",d0nstatus
396124494739554305,"@Carli_Dolce lies! Lmao! Didn't know there was another Halloween..",MochaSweetOnYa
396124494810873856,"#NYC #halloween parade 2013 @ VIVA @ Stage 48 http://t.co/xm0vRcw0KA",LizzieVi
396124495066710016,"@andrea_ward10 I can't wait for Wednesday",stephyshaffs
396124494978240514,"@bretgerman33 that dog sucks",nickbarschdorf
396124495242887168,"it's funny when girls try looking cute in every picture taken around them, and fail miserably. ğŸ˜‚ğŸ˜‚",Rachhellis
396124495297388544,"Trick or treat  ğŸƒğŸ‘» @ Evergreen Recycling Center http://t.co/drzcCLE4BL",Cah_Chedo
396124494760124416,"We are some classy bitches http://t.co/1P9BpCAYbG",_morganjanelle
396124495733198848,"she said ""kirsty eat me"" i say NO bitch what the fuck is wrong with you. You a thot bitch ! î†î‡",Kirstybaeee
396124495964307456,"I found a Godzilla!!! @ Arcata Plaza http://t.co/XiHy2mxNLu",Mitsuoqp
396124495162781696,"If u weren't at the Band of Heathens show tonight watching them cover Petty's Damn the Torpedoes, then u missed out! http://t.co/Kzm335BQys",Clint_Wiley
396124496060743680,"Happy birthday! @queen_ciera ğŸ‰ğŸ˜ŠğŸ‰",JacobAGold
396124495460589568,"@prinsesachinita @XianLimm http://t.co/yjq2T0dz0r",105sunnyhills
396124496304021504,"Temp: 65.5F  H I: 65.5F  Wind:NNE at 5.7kts Baro: 978.0mb and Falling quickly Rain today: 0.00in R H: 76%  #wvwx",WeirtonWX
396124496337567744,"My affliction, I'm addicted, I can't lie",SOSRUGER
396124496446640128,"I'm at Starbucks (Simi Valley, CA) http://t.co/yLzyAK7KiH",kanny367
396124490913951744,"Trick or treat @noelacruela http://t.co/GHNwnA2fEX",haleybee17
396124496538501121,"Hope my bro j has fun. Didn't feel like spending money on drinks. Fuck that.",Esneakhead
396124496337186816,"Work on Tuesday hope it goes well:)",hugobriones4
396124496869855232,"I'm sleeping by myself tonight!! #morebedspace",Roshawn_Jones
396124497021247488,"Also keep snap chatting them and texting them. ğŸ‘ŒğŸ‘ŒğŸ‘ŒğŸ‘Œ that's lovely ğŸ˜˜ I love you so much right now.",shmemmabee
396124497100959744,"Empty gym.. Hilarious to see the gym workers in costume though! Haha (@ Gold's Gym Arcadia) http://t.co/VCYLLIOhXk",NatttyGee
396124497386164224,"@lauren_sy HBD Lol",itsz_jeremy
396124497025064960,"I would start Andy dalton over Phillip rivers #FantasyFootballProblems",lukepaxt91
396124497331236864,"one thing for sure she a wifey , but I ain't the husband tho.",bigbick_zee
396124497667182592,"Built a Halloween costume around my jorts so I'm either a hick or a townie or @dylan_roth",SmartAlec92
396124497679777792,"Sloot nation essay topics: why vlad should replace water in school vending machines, and why is twerking a healthy fitness activity",theDtrainn
396124497470046208,"@wrightpeighton stay in school http://t.co/qir4v5eo72",the_niz_wiz
396124497645813760,"Its so nice and warm here î”",ariadnha
396124497813594113,"@Gashie6192 okay.. I'll be Minnie the next time you see me.",deeebbb
396124497972981760,"@lyss_mendez03 stop ğŸ˜ğŸ˜",TimmyPhuong
396124497675186176,"@katebrickman You see, Kate, it's pro-union to tells labor what you think they want to hear and then go somewhere else and take it all back.",javimorillo
396124498123960320,"@LovelaceCrystal who you having over",FUCKINNCompton
396124498514432000,"Whats the issue, need a tissue",Marsh_Nets11
396124498446934016,"@spiceadams can I get a follow",Crain_Bird
396124498766069760,"Are you fucking serious. G-shit I'm furious. The bengals fuckin lost.",Ctweetinn
396124498748923904,"My head is killing me",Ohdanglupe
396124499172937728,"Yet again....another fudging paper. Soon imma have to learn how to write papers with my feet!â€¦ http://t.co/x1Zbhrpikv",aKuulLuxuryTax
396124498857971712,"@achirobinson you don't follow me? I can't message you",tylervasquezz
396124499357499393,"Im bored ğŸ˜©ğŸ˜©",__flyygirll
396124499550437376,"@jack_pillow no bcuz you're all ugly &amp; not cute @ all..",lexilquintana
396124499495878656,"I'm the meth fairy tonight",Gialovely
396124499545833472,"@telleyd75 I'm still trying :)",Ddubheartgold
396124499948863488,"Lemme see you Twerk it . Lemme see if you can Twerk it ğŸ‘",ogMeriaa__
396124499780718592,"I need to stop being a workaholic now and go home",sammoonsey
396124499940483072,"@NBCSports @NBCSportsSoccer what happen again to the EPL Review Show you fucked it up again? #overcommercialized  I miss EPL on #FSC",DelmarOwl
396124499893952512,"@_KINGofdaNite dude ur a complete ass lol",_JDorsey
396124500086906880,"Leave for Houston tomorrow morning, play allstar game at 7pm, then play all day Saturday and Sunday ğŸ‘Œâš¾ï¸â˜ºï¸ #ImReady #LetsGo",brand_i13
396124500246265856,"best night ever!",rosekat428
396124499684233216,"@DanyyDv yo dani como para que evento es?",__magy__
396124500670287873,"Time to watch the bball game then",TeeeeeeJaaaaay
396124500724842496,"Upset my roomie isn't with me. Wtf ğŸ˜¤",LiyahCrescencia
396124500535672832,"@KouXiong faith is restored in humanity",kongkers
396124500682878978,"We got a good 2 hrs",Doujaon1_3G
396124500942544896,"Ion really care",Kejuana_May
396124500988678144,"You can so tell kails a virgin",mardyballin
396124501223555072,"Sleepover with Jay... Missed nights like this. ğŸ‘­â¤ï¸",geniibean
396124501504978944,"#bitchesbelike ... i just want a guy friend who gives me all the emotional support a BF does w/o the sexual responsibility.",Gieni
396124501655969792,"And he don't need to have money, his love is like honey , it's sweet to me",Chely_Barron
396124501542305792,"Jenna's gonna be mad if she finds out who my last tweet is about ... ğŸ˜³ğŸ˜”",InPerfect26_
396124501538529280,"IM GOING TO SLEEPY HOLLOW TOMORROW ğŸ˜ğŸ˜­ğŸ˜ğŸ˜­ğŸ˜ğŸ˜­ğŸ˜",bekah_stanley
396124501517537280,"I honestly have no idea what @CaseyJane05 is talking about right now. ğŸ˜³ğŸ˜‘",SamanthaDanie15
396124501445861376,"Yay France in December never been so excited to see @noemie_frenchie â¤ï¸â¤ï¸â¤ï¸",Kelciieeee
396124501408088064,"Going to meet Somo rn",gabrielwilllson
396124501559087105,"Tired of 12k's",Matty_T_03
396124502029250560,"I love @stefferraris ğŸ˜ğŸ˜ğŸ˜",Scott_larocca
396124502230568960,"Highlight of my night . Hahah! #anythingforsalinas @ Jake's http://t.co/Fs1H0SHpVn",teti_ruiz
396124501995315201,"â€œ@JesusIsBook: â€œJesus is the point of life.â€ #JesusIs http://t.co/kT8OnAlzLPâ€",_Katie_Thomas_
396124501148041216,"Halloween ğŸƒğŸƒğŸƒ @amanda_bancala http://t.co/1tHNjgxLek",AbbyDuckett
396124502246977536,"let's cancel school tomorrow",Kaylynnroseee
396124501970149376,"Text me im off this :)",_itskayyyyy
396124502267944960,"Just say fuc it and gne kill it",_DiamondMurphy
396124502360207360,"Frat hopping at Mizzou on Halloween night  #yolo?",ANChums
396124502251171840,"Tristan's forever taking in pets, lmao first it was a rabbit, now it's a puppy!! ğŸ¶",_sfbj
396124502293102592,"Moving forward is what I should do.",biancagarza877
396124502285111296,"@teethtale We're shopping tomorrow!",NotALemur
396124502960398336,"I'm at SpringHill Suites - Orlando Airport (Orlando, FL) w/ 2 others http://t.co/96QviPg2Nv",_maeghanc
396124503006535680,"Big Boi came!!! What's uppp!!!",katiecurve
396124502851334144,"18 more days until I'm cleared ğŸ˜",ReganDurham
396124502762864640,"Gucci X Darker Is A Dark Skin Nigga Anthem !",OTF_Boogiie
396124503191093249,"Moving more things tomorrow -____-",Sherry_Baybee
396124503094599680,"Get Lucky!!  Daft Punk Feat. Pharrell Williams. http://t.co/y2NGra9tWO",Elena_Panaritis
396124503274979328,"@AKuperstein walk off safety, walk off pick off, walk off obstruction. It's been quite the week for walk offs.",NKArch
396124503182282752,"â€œ@damnitstrue: #NovemberWish  1) Less stress  2) Less pain  3) Less problem  4) More smile  5) More laugh  6) More happiness â€",MsJaimy_G
396124503748902912,"@GSorensen hopefully it's David lee Roth van Halen not Sammy Hagar!",ITSTHATmateoooo
396124503652044800,"I'm already shirtless",trrrravis
396124503861764096,"Trick R Treated With the Bestfriend @ireneserrano88",Ricky831Ricky
396124503811428352,"Ladale thought I was fenessing him ğŸ˜­",YaBoy_ShaQ
396124504172535808,"@DatDudeDrewB I will",Maurer_Power17
396124504222859264,"Opened Streetlight report via iPhone at Causeway St http://t.co/hDyhnfBLdg. Streetlghts are going on and off in portal park.",citizensconnect
396124504281579520,"I can't find my favorite leggings OR my Ugg boots so I'm currently having a white girl heart attack",Gracie_bee_
396124504562601984,"when it cones down to it you find out who your true friends are and who never was your friend",lacey_feagley
396124504289603584,"I wish I could miss school.",Kass_nicole97
396124504545849344,"I'm at Roxie's On Grand (Laramie, WY) http://t.co/sk8utVNLYc",bradkovach
396124504285405185,"@shaun_cavanaugh @HollyJordan14 wow what the hell! Our room was the shizzzzz",TheReal_HTown
396124504750956544,"Dude I just saw Alex Homes",brooke_brancato
396124504755146752,"âœ‹",DThillemann11
396124504998825984,"@bigmamaberries happy birthday !!",_3Playa
396124504654503936,"@MaysemHamdi @carlyann_m which is why I didn't have a study party with you",Courty_Cat
396124504918736896,"@cartazio Dijkstra had some good points about why 0-based is saner",pelotom
396124505053360128,"I'm going to try not to be annoying about Christmas -__- but I can't make any promises ğŸ˜ ! Night ğŸ’¤",ichbinkerri
396124504977444866,"@hollyR_J_N I started himğŸ˜",GAKJ
396124505346965504,"@shaddy_300 Accidentally",RebeLyfeOsco
396124505438818306,"I'm now turning off all of the lights, hiding in my room &amp; playing gta while eating candy",walker_delaney
396124505518518274,"@ytownwx @SackedByWake yes sir",kingling43
396124505904799744,"@fallon_cone #spoileralert ğŸ˜‘",btown_08
396124505086509056,"#halloween2013 rapğŸ’•âœŒï¸ http://t.co/hrw1LFvKE6",sofia_olloqui09
396124506059997184,"Wide awake. ğŸ˜³",CaitlynMJohnson
396124505782775808,"@Spencer_Lear I KNOW!!!!  EVERYBODY LAUGHS AT ME WHEN I SAY IT BUT HE JUST GOES UNNOTICED DUE TO STEPH AND CLAY",kayla_karloff
396124506109902848,"@panzabeetch lol, kaay",anaa_bananaaaa_
396124506105720832,"Long as I stay hustlin' I'm gon' shine. Just waiting on my moment.",carnifexkitty
396124506471022592,"@Alec324  did you watch that shit.",James_Sullivan5
396124506311237633,"Ahhh my thumb is still hurting from the glue gun ğŸ˜–",samy_nicolee
396124506290274304,"@manybranch @TeamHLN HLN wasn't on the jury. The jury shouldn't have seen HLN. She is a murderer. Don't let her fool you. Plz look at facts.",MsFenn
396124506520965122,"You just wanna run over my feelings like you've been drinkin and drivin ğŸ§",jazalaniz15
396124506302853120,"I never understood divorce",cody_ballard
396124506672353280,"I sure did miss going out with my bffs, but I'm so glad I decided to come home and have movie night with my dad and brother #happyheart",DaniWhitee
396124506189991936,"Tweet a pic w.  Ya squad! http://t.co/sAP05VWX22",RareFxck_
396124506667757570,"Happy fucking birthday to my right hand man. My little big brother @iBumpJeezy_94",iBeGabee
396124507179855873,"FAVORITE MOVIE IS ON. Halloween ğŸƒğŸ‘» #yesssss ğŸ˜ğŸ‘Œ",kirstencripe
396124507217625088,"â€œ@tonyblades_: idk about this move to NY this weekend , I need more peopleâ€ so dwn",quietRIOT____
396124507183661057,"No me puedo quitar mi disfraz de cara de cola con pelos :(",ChrisBenavides5
396124506952970241,"Phins ML hits #cash",SonOfAnAngel1
396124507364016128,"lol michael said he can't wait either.",arianaatee_
396124507154292736,"That last play sums up Andy Dalton's entire career.",mattxcorbin
396124507603488768,"@darathexplorer_ then don't say everybody ğŸ’ğŸ˜‚, but yeah they're pretty stupid ğŸ˜‚ğŸ‘",ponchov69
396124508362256386,"@ecajknaws wanna fight or Wut",MichaellaYouung
396124508861759488,"I lose my remote in my bed like 10 times every night.",MorganRoush
396124508945670144,"Cooler loaded down, picture perfect view... All thats missing now is youuu",thomasdfisher
396124508932694016,"Damn. 2tired. âœŒï¸",0hceeneelock
396124508609712129,"Boy scouts and a giraffe ğŸ˜„ @MetcalfCallaway @AWesling60 @ginaandstuff @BrennaJuhnke http://t.co/7lSwI32dJe",tanner_lawlis
396124509238878208,"@awfulannouncing perfect Thursday night ending",BradGarrow
396124509343727616,"Dat Mc Rib left a nasty ass taste in my mouth",EASTMADE_3203
396124509415018496,"@chrishgibbs is it because I'm so sweet? ğŸ˜‰",joisiler
396124509822263296,"So I was streaking , running away from some high class family that was distraught with me , balls was all jiggling . It was good .",WyattOrSkib
396124509838655488,"@ShannonEDawes get used to it ;)",rachelfischbach
396124509821878272,"Yall mad? Stay mad",garza_danielle
396124510136446977,"Finally home",Mrs_Banks_
396124510413656064,"Might as well zone out to some music",Russy_LaFlare
396124510362927104,"Dalton should have just thrown an interception.",shanelevan
396124510547890176,"DONT BE SCARED OF MY AGGRESSION ... JUST DONT GET THE WRONG IMPRESSION  !!!",_xBlackBeautyxX
396124510526509057,"I like how #oomf dresses. ğŸ˜",PeraltaSavannah
396124510908596225,"Let me see you get low, you scared your scared",ImSoThorney
396124510811746304,"â€œ@ravenbethuggin_: @jusswrite ğŸ˜˜ğŸ˜˜ğŸ˜˜ğŸ˜˜ heyyyğŸ‘‹ğŸ‘‹â€ XoxoğŸ’‹",jusswrite
396124511025655808,"Clippers warriors. A game featuring Seth Curry and JJ Redick. A Duke fans dream.",JustisMichael
396124511084367872,"His mirror was really dirty..",Briley_M_
396124511071768576,"@Kyliebrigance_ cause you saw me",erin_colombe
396124511583895552,"It's a damn good thing I took a vacation day tomorrow or I'd be beyond PO'ed about staying up for that game",JstylzNil
396124511747465216,"Hey that's a good way to end a Thursday, Phins win on the only good Thursday night game this season",C_Olivier_12
396124511697113088,"You ain't gotta lie to kick it",Nita2blessed
396124511978135552,"Ending my night on a positive note. #InspirationalThoughts #Inspiration #Scripture  #Strengthâ€¦ http://t.co/Bo7tQznZxP",juiice4u
396124512087187456,"Bengals r kidding themselves if they think they can win in playoffs with this Dalton",erniemass
396124512074600448,"@ReinosoVanessa damm u ok?",_farrahjeanne_
396124512150093824,"@2_SykWitIt not at all....Andy Dalton just tucked us up the entire game.....",Carlos_Rossi_
396124512116162560,"@JimboSlice_32 @ChazSchneider Team bonding don't be jealous Jimmy!",JackMcHitz
396124512674410496,"Soâ€¦ how was your #Halloween? #burlesque @ Bobo http://t.co/eEDMSV3zmH",zachmyrow
396124512703766528,"Who's trying to hang ?",iMakePlays_4
396124512585908224,"â€œ@XSTROLOGY: A #Leo's mind will always be 10 steps ahead of yours.â€ Hell yeah. Always surprising people.",WORLDWARjENN
396124512845975552,"Chapel talk tomorrow...",WallaceSchmuck
396124513215451136,"after waiting an hour and fifteen minutes in the cold rain for a train it finally came! it's been real Salem but Beverly's my home :)",vicki_mori
396124512733130752,"â€¢giving Brandon songs to downloadğŸ˜âœ‹ğŸ¶ğŸ’•â€¢ @justinbieber http://t.co/oTVqIcXCsM",ashleyybiebss
396124513328721920,"Let me go wash my face brush my teeth and go to sleep .",Young_love69
396124513055694848,"I'm so happy ğŸ˜€",gloriaa_sanchez
396124513416794112,"Wish my ma didnt have to work tonight so i coulda got her car",_Quinterious
396124513345093632,"Lolz more like slut-o-ween",JustCallMeMarbs
396124513294753792,"Shelbi and I are the best people to take kids trick or treating ğŸ‘Œ",MorganSpiveyyy
396124513340911617,"""Don't you know about the Bryers Miggs test?"" @H_Swartz",gabrielle__j
396124513727168512,"Chris Paul madd nice.",NiggaWithADream
396124513781686272,"Damn. I really missed out.",lyndaburgosnyc
396124514024951809,"I am buying leather pants tomorrow incase anybody was interested",alli_bew
396124513664262144,"ğŸƒ http://t.co/6puPPbnFyf",helencitarmz87
396124514557628416,"@richiee315 @Swanksterr why willie though?",HusDiggity
396124514805112832,"I'm not good at being #2, gotta change that.",Ebbs12
396124514813493248,"@ItsMe_TayyD yup",show_stoppa615
396124513898733568,"Made mynight!!!!! @dylashmor513 @GO_banANNAs29 http://t.co/v5oUFqPHPH",sheridancaruso
396124515001843712,"God bless you all",trevorcook42
396124515358740480,"thrillers on",Kimberley_Klein
396124515081523201,"@BlaccPringles Lol my sister kept her for me but let me kno wen yu wanna qet ha fat ass",x_moneyMONROE_x
396124513248636929,"http://t.co/ebhRoY4jW1",7062295487
396124515282862080,"""@NikeMotivates: My sports injuries will most likely last the rest of my life.""",lolololollollll
396124515765592064,"But skins UK is waaay better than skins US",ADUGHZ
396124515010224128,"9/13",PerezJose_10
396124515777781760,"@mdicke17 I bitched him out. Wtf. He caught me off guard. The thirst...",Astrid_Ambriz
396124516000489472,"Just trying to see if you deserve it",EmilyEWilliams5
396124515815538689,"@NayMyName dying to know who",megtuusa
396124516273115136,"Wow. Wow. What a win!!! #dolphins",ArmandoAlvarez
396124516193402880,"Happy Birthday to the beautiful and amazing @k_shutt24 ğŸ˜",Jesse_Naylor
396124516654792704,"I just wanna go MIA one day just to see who cares.",OfficialMitchh
396124516390154240,"""Shuddup black girls""",Murray619
396124516675780608,"@NewND_Improved fuuuuck",Tre_Dont_GivAF
396124516692148224,"Lot of people dressed as homeless folks tonight",loftindavis
396124517166497792,"Zooey Deschanel and Dia de Los Muertos @nikkicorrell @ Snug Harbor http://t.co/x8wsucohfB",callme_loislane
396124516960591874,"Purple Sprite. Sonic Secret Menu. Go. #DoItYouWont",NicholasLopez11
396124517388779520,"ğŸƒ @ Manhattan, NY http://t.co/0ZUS9iCabR",Tom_Ierna
396124517439111168,"God damnit grandma you're high",TateHoag
396124517418151936,"Bitch shut your damn mouth I'm not in the mood for your shit",kelseymariee004
396124517535604736,"@andydalton14 meet @Kold91 @MiamiDolphins resident BAD man #safety #BallGame #CINvsMIA",jorge_aenriquez
396124517287723008,"I'm right here",Calme_Whiteboii
396124517606907904,"Omg Chris Paul lulz. ğŸ˜‚",vegaomega13
396124517497843712,"""@allen__reid: Buddy be like: pull out for what bro??"" Tell em stop stealing my shit",TyroneColeman23
396124517380009984,"@geraldwolfe1 @garycastomusic  Gerald.... You know everything!!!!",susandwhisnant
396124517572964352,"@Real_Liam_Payne we made eye babies on August 10th",ThisIsTrishie
396124517308706816,"@M1LOS_M sloppy, they not used to each other yet",mikna34
396124517656834049,"We got the place, where are the people?",JustDewIt78
396124517732724736,"*strips*",WalletIV
396124518189895680,"Laid back, with my mind on my money and my money on my mind",Garrett_McHugh
396124518055305216,"Go to sleep and get some rest or watch halloween.... Watch halloween, haven't been able to watch it all holiday #favoritemovie",cmillzy12
396124518399213568,"If tonight was Friday id so turn up!!!  BUT I work in the am. The struggle of being independent ğŸ˜­",CookieLokss
396124518717992960,"@fANCY_Travi guess what tomorrow is girl?",Imwatyouwannabe
396124519049723904,"@justinef13 food is the way to my heart!",iddings10
396124519112642560,"HAPPY NOVEMBER!!!!!!!!!!!!!!!",ZigglersBetter
396124518957461504,"I'm sick of seeing Clay Matthews in every commercial I see #theygetworseandworse",Lognoll30
396124519557246976,"I'm being a great friend tonight, everyone's drunk af and I'm sober being the DD",doyallllllllll
396124519456186368,"So ummm about the shirt .....",April_g17
396124519813111808,"We Wiiiiiiiiiiiiiiiiin .... We win, we finally fucking win.",Odds_Zonn
396124519712038912,"Today &gt;",JessicaMoreno09
396124519183564800,"http://t.co/KdS8FlAbbD",Kayylann_
396124520396115968,"@Mbarros63 ;)",C_chavez715
396124520513536000,"@NiceLadyThought so good! Apparently made with fresh pumpkins this morning. Mmm!",briteNYC
396124520693514240,"IM 19!! ğŸ˜œ",YoSoyBriana
396124520932589568,"Could anyone give me a ride tomorrow ? ğŸ˜",Keelinelise98
396124521037459456,"Just cause I didn't wanna go trick or treating my mom bought me candyğŸ˜ğŸ’•",Emilee2399
396124521616666624,"I cant believe october is over!! :(",ShygirlNathalie
396124521683771392,"no fun when everybody has the same costume",iTweet4kicks_
396124521629241344,"I'm at @CafeLaBoheme (West Hollywood, CA) w/ 3 others http://t.co/j9OLu3n5Hn",FlymachineFilms
396124521612070912,"Chris Paul is really good",Tweets_By_Cudi
396124521607880704,"fuck im gonna go fucking crazy here",lunalamarie
396124521583108096,"It's bhoutta be over for ğŸ˜´âœŒï¸",Azionaee_
396124521586884608,"@ColeZverina I missed you dearly bb",PikeHarrison
396124521821777920,"@16adelale ğŸ˜œ",keenan_lund31
396124522002128896,"Shittiest Halloween ever.",JordynNykoleee
396124522233233408,"Berri / Saint-Antoine: 00:00 - Disponible: 5, Stationnement: 28",BixTweet004
396124522165710848,"Y'all I'm such a animal lover. ğŸ¶ğŸ¶ğŸ¶",MisssSarah13
396124522392588289,"This happen at a daycare in Marietta that's exactly y I'd rather not send laiken to daycare",amber_gains
396124521973166080,"Bitch Ariel didn't have legs.. Try again. http://t.co/qMr0t06eCV",_CrownMe
396124523021754368,"They are so hateful and judgmental. Just like me. ğŸ˜‚ğŸ˜‚",Zach_Coomer13
396124522513854464,"@eymi_marvess maybe Spanish radio is better than American radio, but you can't say one music is better than the other.",ibuzzify
396124522455134208,"Everyone is a cop...but not everyone is a slut patrol ğŸ˜‚ğŸ˜‚ğŸ˜‚ğŸ™ˆğŸ™ˆ",candicerae08
396124522790670336,"Rt if your bored af at home doing nothing.... SIKE IM THE ONLY ONE",DaniAyerza
396124522778079232,"@JazzyWazzy___ â˜ºï¸",nickniaa17
396124521784016896,"This is serious... http://t.co/rFCcbRlHlc",No_regrets54
396124522190872576,"Marginal utility.",DomImb0606
396124522958422018,"Would u bang Mila Kunas if she talked to you in Meg's voice?",DerwinMcRoth
396124523143376896,"@StanMarnie not a problem",PunchZoneAris
396124523109437440,"@siaaaah_ haha noo...",noMOEHRals
396124523512496128,"ğŸ˜’",Sidd_thaakidd
396124523465957376,"Thats it",Banco205
396124523449180161,"Everything is slowly falling to shit.",ckelly_99
396124523768328192,"Good win dolphins",J_bungalZ95
396124523621130240,"I love booty ğŸ˜‚ğŸ˜‚",RayPerez44
396124523931926528,"this is exactly oh what I wanted",LilCurl_Btl
396124524099682304,"I'm at @ExitChicago (Chicago, IL) http://t.co/xlMstUa4kT",BryRB1277
396124524187758592,"Listening to the Beatles when you are high is literally the best thing it's like cotton candy smooth mountains in your ears",carli_fries
396124524250669057,"Not. I'm annoyed.",shmemmabee
396124524036780032,"NOV 1ST",WOMN_RULE_EARTH
396124524519100416,"Voting up to the last second. #PCAs",MizTification
396124524355153920,"Guys..Begging for girls to DM you doesn't get less attractive just bc it's Halloween;) We can't see your mask! Name is the same daily here:x",JodiRisden
396124524397088768,"My mom cleans your teeth",Njbellestri
396124524531306496,"@SimonsSays30 quiet cory I do just fine",KaylalalaF
396124524699078656,"omggggggg. I need tacobell in my life.",hayleemarie_
396124524334161920,"@Rob_Gloria k",Yk2nite
396124525412499456,"@FoxNews @seanhannity lie is a lie. It don't matter if you know it or not. If you say it you are the one lying. Fact ck ur info for truth .",Usnlen
396124525466615808,"@MargFergen my brother would be pissed if I forgot his snoozlehorn!",lrmerkel
396124525638590464,"Been so eager lately",MacdaddyCarter_
396124525701513216,"Arizona State is eatin.",ImJordannn
396124525739249664,"It's not complicated it's simple",OG_Bitchh
396124526117134336,"Saint-Andre / Saint-Antoine: 00:00 - Disponible: 13, Stationnement: 2",BixTweet011
396124525722472448,"Halloweed",CabreraAbe
396124526032855040,"@fucktyler u r an black fegit",_LucasSmith69
396124525940584448,"@JaJuanDavis ahhhh plug me",CheeksChubby
396124526221615104,"Embarrassing loss. Gruden lost this game for us.",archersparadox
396124526179659776,"Where erryone at",GavinCampellone
396124526263533568,"WHAT THE ACTUAL FUCK.",Erika__Daylin
396124526431305728,"So this is it feels like to be a Michigan fan gotcha",blakester52rfc
396124526414548992,"@Jordanlee95_ don't worry Jordan. They're gonna let me out soon. Once I pay the bail",tez_the_prez
396124526725304320,"I'm not gay , but if I was you would be my first pick. ğŸ˜˜",WrittenbyPookie
396124526788214784,"Metro Saint-Laurent: 00:00 - Disponible: 19, Stationnement: 20",BixTweet012
396124526766862336,"@RealSkipBayless I literally wanna drive to where you are and punch you in the face then leave",Npriess14
396124526678790144,"Then u hung up in my faceğŸ˜³",T_Steve63
396124527039905792,"Taking it easy tonight after that game I think I've had enough fun for tonight lol....Night #SSUâ€¦ http://t.co/K5rljWant2",Knuckles_53
396124527329288192,"I love your attempts to try and work things out. #givetoget",JustissMariee
396124526259347456,"Thirsty Thursday bitches. ğŸ˜˜ğŸ‘Š http://t.co/Qp7H5eRE65",kyleeeemae
396124527664836608,"St-Denis / Maisonneuve: 00:00 - Disponible: 4, Stationnement: 27",Bixtweet014
396124527891345408,"ğŸ‘¹ğŸ‘º",MattDiaco
396124527848996864,"Love how he makes me smile !",tushi_20
396124528168148993,"@cmessina11 not Friday",true_knowles
396124528273018881,"Browns win sunday and they are only 2 games out, with one to play vs cinnci",S_Troy08
396124528243638272,"Berri / de Maisonneuve: 00:00 - Disponible: 17, Stationnement: 14",BixTweet015
396124528663076864,"My mind just keeps wandering",jamie_ivey63
396124528746954753,"We gotta beat Baltimore next week",TheyCallMe_QTip
396124528553627648,"@iJEVON y",Latinaaa_13
396124528944099328,"de la Commune / Berri: 00:00 - Disponible: 8, Stationnement: 26",BixTweet022
396124529074139136,"@wtvrjen_ !!!!!!!! you're fuckin lucky I hate you ğŸ˜­",_laurenlipscomb
396124528738201600,"I don't even care I'm gonna keep bothering you. #yolo",Smileynicki_
396124528855613441,"@__tallo thank you. This is stuff people need to hear.",GayASSRilleeyyy
396124528713420800,"My fantasy name will surely bring me luck. http://t.co/GKGpZ9Zenr",Asap_Vonn
396124529271255040,"Next person who stares at my chest or ass is getting shot #pissedoff",alstoutttt
396124528952086528,"â€œ@HighImAiden: if #oomf only knew how much I am into them.... :/â€ true",jacobson_p
396124529069928448,"@ErinKelsey :)",Jackforever1
396124529468391424,"Metro Place-d'Armes: 00:00 - Disponible: 16, Stationnement: 17",BixTweet031
396124529703276544,"#dolphinswin #godolphins  #CINvsMIA #ilovefootball #overtime @ Sun Life Stadium http://t.co/ajpBkebxb2",zeekay88
396124529627385856,"2:30PM. RT @BCfishhead: @VanCanucks: When do doors open on Saturday?",VanCanucks
396124530063978496,"Milton / Durocher: 00:00 - Disponible: 6, Stationnement: 21",BixTweet046
396124529920991233,"How is that possible ğŸ˜¤",Mustafa_13_
396124529858072576,"With all these painted skulls on everyone's faces it looks like everyone is ready for dÃ­a de Los muertos. Glad to know everyone loves itğŸ˜•",hannahhaun
396124530353405952,"On my way to downtown.",BadLuckAurelis
396124530361376768,"I wanted to be a homicide detective so bad, but I just can't do it.",_Cookiejr__x3
396124530306863105,"White people just shouldn't danceğŸ˜³ğŸ™ˆ",KaylaBrett95
396124530621825024,"â€œ@Whiteboy_Crazy: I be talkin some random shitâ€",MrRed502
396124530718310400,"King / Wellington: 00:00 - Disponible: 13, Stationnement: 18",BixTweet048
396124529744822272,"im so fucking hungry",KeilahAvila_14
396124530835726336,"So excited for all the pink tomorrow ğŸ’–ğŸ‘…ğŸ€ğŸŒ‚ğŸ’„ğŸ’—ğŸ’‹ğŸˆğŸˆ",alexaveez
396124531070615552,"-______________-",rayterrabossy
396124531137708032,"Best Halloween ğŸƒğŸƒğŸƒ",raley_wright
396124531015692289,"After I read my horoscope at 12 am I can actually sleep #Weird #Iknow",ambreacastle
396124530743463936,"@MChiudina if you insist ğŸ˜Œ",CiearaDuquette
396124531158310912,"and I like you.",laurenemilydean
396124531581915136,"The Browns are super jealous of the way the Bengals finished that game.",KevinMoss924
396124531732922368,"Everybody talking about #ABC on my TL and I couldn't give 2 fucks",Novocane_Feelin
396124531405758464,"To unfollow oomf or not???",EstelaBlanca_
396124531775275008,"@adonisi9 Same !",tiffff_
396124532354076672,"@oh2bjordan there will come a time ğŸ˜‚",alexiselaine15
396124532194291712,"Ramon Ayala&gt;&gt;&gt;&gt;&gt;&gt;",JorgeGuzman4293
396124532273983488,"@Catherinee_13 you can't make me",Orie0
396124532660264962,"@Blazednenthused he just got beat in the face with a two inch pipe by two people",FlippinUtheBIRD
396124532718989313,"de la Commune / McGill: 00:00 - Disponible: 3, Stationnement: 28",BixTweet049
396124532458520577,"@mochasabrina I need to dig out my summer makeup and get the bronzer out.....that would help!",gracedrakedille
396124531951009792,"GN All @FreedomsPatriot @USAlivestrong @deblessings @blondygirl1 @Brendy438  @MarkTwainII @FreedomS00 @luchadora41 http://t.co/9zMOXbT4xL",ljmljm55
396124532894736386,"@DustinCollins4 lol I tried to tell you but you wouldn't listen. I'm not sold on Dalton yet.",ASizemore_21
396124533109051392,"Pig Lip And Chips",BitxhYouPetty
396124533209718784,"Metcalfe / Sainte-Catherine: 00:00 - Disponible: 5, Stationnement: 25",BixTweet057
396124532823445504,"Single ladies just came on the radio &amp; I realized why @AlabryEwers &amp; I don't have friends.",reema_nimkar
396124532697595904,"Adelino's to funny.",adrian___209
396124533268422656,"I love you sooo much. @Harry_Styles",jennaadams9
396124533196738560,"Oh wait that might be awk I forgot that all happened ğŸ˜±",Jordan_Reeves_
396124533658517504,"Eat me some pussy when I got the munchies.",JerChagnon2
396124533435797506,"@talkhoops I'm guessing @andrewbogut played ""footy"". The ""jump ball"" is guys running towards each other until they crash. Good luck Deandre",Princetons
396124533758771200,"Quick! Someone find the last time a safety won it in overtime!",BabyGotBackes
396124533465153536,"You guys start pullin out a ouija board on halloween and I'm out!!! #FreakedOut",MelanieAnn28
396124534002434048,"Drummond / de Maisonneuve: 00:00 - Disponible: 4, Stationnement: 19",BixTweet061
396124533775560704,"@LuckyMadeDaBeat I'm out for a month but I'm try and work.",Slacky_Mac
396124533926547456,"What it is uh what's up gotch ya nigga in the cut what it is",Eric_Patry_
396124534018830336,"How do I tell you ...",Daddy_ForeSkin
396124534077534208,"Smashin my son candy while he sleep smh",Illmatic2
396124534459600896,"Mezdeke actiik,ibo actiik gobek bile attik ! Ohh ! Nargile bile vardi bee ! Happy halloween ! Turklerin halloweeni anca bu kadar haha !ğŸ‘¯ğŸ‘¯ğŸƒ",bayramogluirem
396124534472183808,"de Maisonneuve / Stanley: 00:00 - Disponible: 24, Stationnement: 17",BixTweet062
396124534589235200,"WE WON OFF A SAFETY HELL YEAH GO DOLPHINS",GenghisKhan19
396124534820319232,"Ughhh tryin to leave work early tomorrow!! &gt;.&lt;",Anna_BreeeZy
396124535017439233,"University / Milton: 00:00 - Disponible: 7, Stationnement: 32",BixTweet067
396124534312816640,"Family vacation without me? No way!!! I hopped on a plane and got here a few hours after them! #Disney #priceless #bestdaughterever â¤",holst_nicole
396124534870274048,"@IDontKnowOkayK @MarciBelieber  he wants the P!!!",MrLucrid
396124535516577792,"Ain't worried bout nothinnnn",ayye_its_kaypee
396124535369396224,"Vampire diaries with @EliseRistau #justlikeoldtimes #loveher #suitemate",jhadd54
396124535348404225,"I miss trick or treatingğŸ˜•",keniburke
396124535793385473,"Sainte-Catherine / Saint-Marc: 00:00 - Disponible: 15, Stationnement: 8",BixTweet086
396124535839137792,"I'm just ready for soccer season.ğŸ™ŒğŸ˜",Audreyortega
396124535960780800,"Finally, an exciting Thursday Night Football game. An overtime game that ends with a safety and an upset!! #nfl #NFLGameDay",NewsManLou
396124535868514304,"Matt said I remind him of someone who should have ran a tavern during the renaissance era. Lol",katiemae_x0x0
396124536196063232,"Happy birthday to @Francoo_3 and @ralphy89 have fun bros ğŸŠğŸ‰ğŸŠğŸ‰",fabricio_bruh
396124536242200576,"Sainte-Catherine / Guy: 00:00 - Disponible: 15, Stationnement: 16",bixtweet096
396124536283746304,"ZOOOOTED",TaraNorstegard
396124536468680704,"â€œ@FillWerrell: Me on Halloween http://t.co/zmEp0nigdfâ€ @HaleighBradley",MeaganAlyssaW
396124536862965760,"MY RA IS GREAT. I LOVE HER @FnANCY93",livvie_mcquire
396124537072267264,"I'm scared to take a shower while I am home alone ..",babygirlnessa96
396124537164939264,"Sainte-Famille / Sherbrooke: 00:00 - Disponible: 3, Stationnement: 20",BixTweet122
396124537147772928,"@JennyGarner11 it's okay!!",sarahchurchman
396124537323925505,"Busy weekend ahead @crichart32 #exhaust #herculiner #party",JonGreen8131
396124537672450048,"Wish I didn't have all this stupid stress and wish it'd stop.",kashigolean_
396124537177116674,"@heardrwt Fin! http://t.co/plhDIhQ93w",heardrwt
396124537777319936,"#fonzie #kisses #excited #halloween @ Aledo, Texas http://t.co/um6fTX7m8w",Dlbezner
396124538070519808,"I just killed Andrew by starving him to death on sims. #payback",xosamanthalloyd
396124537990823936,"My nigga Jody having a party tomorrow ğŸ‘Œ",lastoftheWU
396124538293190656,"So much for studying for that test tho...",m4riatweets
396124537776910336,";: '",StallionK_
396124538179579904,"Just watch my wildest dreams come true, not one of them involving you. #paramore",OMGitsShaela
396124538448408577,"â€œ@iLikeSEXDaily: Trick or treat gimme that pussy to eatâ€",DanteAmerigo
396124538410237952,"@Dolo_5 Well, I graduate in January so that counts for something right? Lol",HaileyLauren28
396124538666504192,"That game was probably gonna end in a tie too.",AnDREW_Spruill
396124538666516480,"Roy / Saint-Denis: 00:00 - Disponible: 23, Stationnement: 4",Bixtweet174
396124538523504640,"When they ask what happened tell the truth",JRNostress
396124537974050817,"I'm 19 and I still go trick or treating. Happy Halloween guys! ğŸƒğŸ‘» http://t.co/2EuJHvcKjq",jsbstnx
396124538813317120,"Somebody tell champagnepapi I'm looking for himğŸ˜ğŸ˜ğŸ˜˜ğŸ’‹ @ Stadium Club http://t.co/DFiVa6tfqr",AhavaJadori
396124538607374336,"@KatieWhiston hell yeah! We need a better repeat of last time!",Chiddix35
396124538926145538,"Tomorrow is gonna be fun :)))",xoxbrittany_
396124539090112512,"Duluth / Saint-Denis: 00:00 - Disponible: 12, Stationnement: 11",BixTweet179
396124538682875904,"@__marrcuss @74_Rizzy lmao yall niggas funny ğŸ˜‚",BALLIN_OUT24
396124538875822080,"so I'm faded and my butt looks tiny http://t.co/71EISuikga",abbycarter69
396124539555692544,"Boyer / Mont-Royal: 00:00 - Disponible: 16, Stationnement: 7",BixTweet186
396124539752824832,"out with the old...in with the new ğŸ‘",gabbysroom_
396124539609837568,"I think I'm in for tonight...well I know Ian hittin the club ğŸ˜",bigbunn_beezy
396124540058996736,"Guy / Notre-Dame: 00:00 - Disponible: 5, Stationnement: 6",BixTweet292
396124539047780352,"ğŸš“ğŸ‘®ğŸ’ http://t.co/mUfzvygeI5",EmmyJohnny13
396124540087959552,"Whoever the fuck threw the fire extinguisher in front of my house are fucking pathetic! #soannoyed",celesteclira
396124540524564480,"Stirling/Cote-Sainte-Catherine: 00:00 - Disponible: 14, Stationnement: 1",BixTweet309
396124540289314816,"@doctor_know definitely. Hard to tell who's wearing a costume...and who's not. You can see Batman 365 days a year.",mike_polner
396124540519989248,"@bradchoate and don't forget to say thank you!",sippey
396124540524183552,"Leave it to me to get sick on every holiday ğŸ’",courtney_ccady
396124540645801984,"I'm not happy",Aasholaay
396124540956594176,"Palm/St-Remi: 00:00 - Disponible: 0, Stationnement: 0",BixTweet313
396124540809400320,"I'm one of those people who'll stop talking to you with no notice. You might see me &amp;' I'll continue walking without even looking your way!",_iStrip4Candy_
396124541208260608,"â€œ@reIatabIe: can you imagine if someone sent you a list of all the reasons why they love you.â€",kputka
396124541384417280,"Gatineau / Cote-Sainte-Catherine: 00:00 - Disponible: 5, Stationnement: 10",Bixtweet315
396124541631860736,"Add me on Snap Chat! Seriously! ğŸ˜œ kase_8.",KasseyRay
396124541728354304,"#roommatelog 103113.1 subject just informed me way too much concerning how he slept last night. #feelinsexyandfree (exactly what it implies)",Colby_Karnezis
396124541808025600,"Faillon / Saint-Denis: 00:00 - Disponible: 7, Stationnement: 8",BixTweet333
396124541497274368,"Oh yeah cuz my useless good for nothing siblings didn't go trick or treating this year cuz apparently they're growing up ğŸ˜’",SabrinaLakho
396124541724155904,"@ImSledgren as a ravens fan we needed this....so does your steelers",JustinTimeis410
396124541748912128,"Thank you ğŸ˜â¤ğŸ˜‹ğŸ’– @moshfordays",Emily_RoseLouie
396124542160338944,"Holy fuck. I'm 20.",JennJenn_lively
396124542214889472,"""I found you"" the wanted",jrazzam
396124542240038912,"Rockland / Lajoie: 00:00 - Disponible: 5, Stationnement: 10",BixTweet392
396124542374277120,"Chris Paul is one nigga I wanna smack so bad son.. He annoys the heck outta me man",_styvenson
396124542739185664,"Agnes/Guay: 00:00 - Disponible: 5, Stationnement: 10",BixTweet427
396124542126788608,"When she tells other dudes ""I'm not talking to anyone"" http://t.co/Ok1ismmfw5",prfessorbigsock
396124543225708544,"@zsezer_ too late ğŸ˜•",Jule_ilyas
396124543141412864,"Everybody tryna blame me for gerardo being sick gtfo",__UVbeats
396124543464402944,"@_kasssaandra no, i missed my favorite tradition. And um you didnt",_samayoa_
396124543636738048,"â€œ@JoshSmoovAzz_: Nba altercations be hilarious ğŸ˜‚ğŸ˜‚ they don't fight anymore.â€ Nun but pushing &amp; shoving lol",BigBankBoosie
396124543649320960,"Everybody is going to be having candy tomorrow. ğŸ¬ğŸ­ğŸ«",CindyisaBOSS
396124543447617536,"@_Boogiie Yeahh But Obviously You Aint Wanna Talk Sooooo.. IAint Gonna Bother",_Cenzie
396124543804518400,"Seek respect, not attention.",Shawtaaay_
396124543238279168,"@Alexis_Barnes22 I miss nyx ğŸ˜”ğŸ’” http://t.co/JQVN3ooLRd",Lynn_M97
396124543753805824,"Sacks on Sacks on Sacks @Kold91",Enuff_Said
396124543724425216,"The night you just don't want to end, but the next day, after, you wish you could go back, but are happy for like the next week.",LizIsTheTits
396124544152666112,"Hello November we welcome you #thanksgiving",so_nt_average
396124544379146240,"So very very hypocritical",jessicamurrayyy
396124544454242304,"That man Marion Grice! ğŸ™Œ",Mike_Lpz1
396124544450064384,"Well happy Halloween people and good night",Ruddman0
396124544790179840,"@Randy_Savvage you home?",taylor_jane_13
396124544886636544,"Lose on a safety smh that's different",Young__Bibbs
396124544853090304,"@Koj_Joy I bet. For a class??",JacobSauber
396124544546516992,"@QuebecLoves111 not yet lol I got distracted while it was on",Tamara_Beattie
396124545289314304,"Smack this little fucking Robbie kid right in the face. Demon possessed motherfucker",KayDebraccio
396124545511591936,"Why are you doing this",laurmavrou
396124545020854272,"Halloween'13 ğŸƒğŸ‘»ğŸ’• http://t.co/hS2L9J5JZA",ayslinzuniga
396124545809416192,"Wow I love everclear",jordannjayy
396124545146302464,"@shonp15132 @abcSCANDALfans   i feel so bad for Olivia what a fuck job!!",lisastarrstyle
396124545880711168,"Happy Halloween bitches http://t.co/Fz9fZycvBq",meeeshe
396124546165510145,"Just tried getting Ashten to sleep in his crib... that lasted for a total of about 2 minutes.",AmberMclarenxo
396124546816045056,"Oh well , going for the uncomfortable ones tomorrow ğŸ‘Œ haven't wore these in a butthole year.",destani_mahoney
396124546891542528,"Oh hey Bengal haters. Nice to see you ugly faces again.... #Onlynotreally",JSwish_32
396124546967023616,"@rudegurlb yea you are lol",Love_nFootball
396124546719162369,"â€œ@Amariss__: @kid_kyra I know :D hopefully we see eachother :Dâ€ yeah hopefully!:)",kid_kyra
396124546840813568,"""Hey black girls""",Murray619
396124547469955072,"@REIN_yunananana ãƒãƒƒãƒ”ãƒ¼ã‚»ãƒƒãƒˆä¸€ã¤ä¸‹ã•ã„",toshijiro42
396124547734183936,"There is no fear now Let go and just be free I will love you unconditionally",CassandraCan_tu
396124547805503489,"Midnight @ Rio $70 No-Limit Hold'em Poker Tournament @RioVegas http://t.co/kjeBDk7uTv",PokerLasVegas
396124547826855936,"Happy Halloweeeeeeeennnnnn !!! #drunk ##",Brandonn_Bart
396124547524489216,"@AnnTBush if a cameras not running, they dnt care. Like getting in2 a Natl park is more imprnt than having food. His Hypocrisy is disgusting",solaranoir
396124547969081344,"#turndown4WHAT",Nelsrrr
396124548191780864,"Them sheets tho ğŸ˜©",ImMe_FuckYu_
396124548073926656,"I get so sleep high",KarissaJones117
396124548052955136,"This movie is boring me.",__Meeeech
396124548027789312,"@Jordannn2014 haw ğŸ˜‚",ram_ash14
396124548375908352,"I can tell she really cares about me, yea it's a good feelingğŸ˜â˜ºï¸",Mbunch_Badger11
396124548405661696,"seein' double #twiceisnice @ Voodoo Room http://t.co/PJ9cHkag6H",chelsiereynolds
396124548963528705,"Ugh sick to my stomach",MikeWilliamA
396124549005471744,"Oh yea did I mention my baby fully potty trained no pull ups at nighttt",Blow1hoe
396124548900589568,"Long nose bitch! @cyndigullett get yo old ass off twitter &amp; whip up some grits!",ContactSwad3
396124549051613184,"Calling it a night I'm tired and I have to work can't wait for a damn off day I'm gone sleep till the next damn morning #OnLife",Still_Trill216
396124548967317504,"Walking dead just told me smooth seas do not make skilled sailors. Never been more inspired in my life",BMosgo
396124549831725056,"It's November yo",antcavallaro
396124549462245376,"@JonesOnTheNBA thoughts on @JJRedick so far this year?",YoungAY_
396124549781409792,"Wearing baggy pants was the best option for the strip club",billie_volta
396124549663580160,"You care and you show it. That's what wins me over.",k_harps25
396124550121156608,"New IG Name : Under_RAT_ed , FOLLOW YA BOY ğŸ˜ğŸ‘Œ",RDY_4Life
396124550406340608,"Didn't the Houston Oilers have the same song that Miami is playing? Except it was Houston oilers number. Even sounds like the same dude.",ezotic
396124550595088384,"I'm so excited, growing beards is my god given tallent.",ElliottPeters11
396124550905069569,"Halloween",kannnabliss
396124550900899840,"@YaBoyLouieD I knew you wouldn't like it",cameronsavage_
396124551203262464,"@swalkietalkie he's more my age. I will be taking him, k thanks.",elisabethhh__
396124551375228928,"@Sheila413Sheila @NKOTB its @donniesstarsis but she's not online",DdubsJordanFan
396124548866654208,"Upgraded at Staples http://t.co/Oh7PHJATqs",blakegrimsley
396124552126025728,"Can I get one more tat please",Asap_Gaydle
396124551735562240,"I'm just a lost girl waiting for someone to guide me",AlexaDiana21
396124551928492032,"@dannijayy_ im tryin to with no shortcuts î„î„î„",KingxJulien
396124552025346049,"@Deandra_T favvvvv song ğŸ˜ğŸ˜ğŸ˜",madis0nbabyyy
396124551530037248,"Friend of a friend the one and only.. Will Ferrell! How can you not love him? http://t.co/9nWxNHp11G",Zachaouki8
396124552306388992,"Still up! Gonna be up ALL night!!",lane_xoxo_x3
396124552352505856,"Someone liked my Instagram picture and their name is ""greatesthotgirlz""...except I read it as greatesTHOTgirlz. ğŸ˜‚",laurenpascua
396124552037539840,"Tonight was pretty cool ğŸ‘ŒğŸ’¨ğŸ”¥ @nickk_cardenas @Captain_Castro @zawmbiez",Ricchhardd
396124552293789696,"Let me stop",asialeemarie_
396124552331137025,"12:00",Everything_OMAR
396124552285016064,"#ViceRylleAmazingLoveTeam",angelbebeko
396124552331161600,"Midnight @ Wizards Casino $35 No-Limit Hold'em Poker Tournament $100 Added  http://t.co/2lWtseSTyG",SeattlePoker
396124552356306944,"@RealSkipBayless last week you were all over his nuts",Bmayyyyy
396124552566034432,"""@SWVNZ: Halloween is like the Olympics for Hoes""",_maaesisonn
396124553044566016,"@rahimaz_123 send me the pics of us!",iLoveJMA
396124553128472576,"ë„ˆë¬´ ì—´ì‹¬íˆ ì¼í•˜ëŠ” ë‚´ê°€ ë¶ˆìŒí•˜ë‹¤ ã… ",Jihoon_KK
396124553094520832,"That OT safety ğŸ˜³",donahoe_ryan
396124553035784192,"Just turned my phone back on î",lala251
396124553560088576,"What a shitty night, atleast I don't have to come into the plant tomorrow",Trobbbbbbbbb
396124553875030016,"â€œ@Fantasticislaw: @infinitepharaoh ğŸ‘ğŸ‘ğŸ‘ğŸ‘ğŸ‘â€  ISLAWWWWWWWWWWW ;,D",infinitepharaoh
396124553916604416,"Shut up ğŸ˜’",SheCrazyy_
396124554021462016,"Being next to youğŸ˜ğŸ˜ğŸ˜",TaeeJnes
396124553899831296,"@Anyi1987 asi fue,bano total para mi.,:D",MiriamBustam
396124553937567745,"@oarandrea have u rubbed Rum or Whiskey on it?? How about Vicoden? I guess when we get older we have a whole bag of tricks. Fuck pain! ğŸ‘",nancykJJJ99
396124554105348096,"""Crystal clear Gulf water""...shut up Popeyes. No one believes that.",JoshL1220
396124554353197056,"Just saw @samantha0wen and @DakotaFears at the drake concert #waddup",jcizzle40
396124554172432384,"@Yutika_Diwadkar I'm just so bright ğŸ˜",JoshuaRizzo
396124554609033216,"@TB23GMODE i don't know, i'm just saying, why you in GA though? that's where you from?",MorganStarnes
396124554805776385,"@MichaelThe_Lion me too ğŸ˜’",briana_leavens
396124552540852226,"Happy Halloween from us 2 @maddow &amp; @Rev_AlSharpton :) http://t.co/uC35lDFQYn",AngeMarieH
